datetime_0,target,number_0,number_1,number_2,number_3,number_4,number_5,number_6,number_7,number_8,number_9,number_10,number_11,number_12,number_13,number_14,number_15,number_16,number_17,number_18,number_19,number_20,number_21,number_22,number_23,number_24,number_25,number_26,number_27,number_28,number_29,number_30,number_31,number_32,number_33,number_34,number_35,number_36,number_37,number_38,line_id
2017-03-11,0.0,0.4858402847882685,0.16937558054667204,0.8668341708542715,0.9685414680648236,0.0010597018492991962,1.0,0.5730180806675939,0.9810725552050478,0.9873015873015876,0,0,0.9731255645889793,0,0,0,0,0,1,0,0,0,1,0,0,0,0,0,0,0,0,0,0,0,0,0,0,0,0,0,1
2017-01-10,30.231826894446662,0.30370331013229906,0.2007727472507113,0.8693467336683418,0.9733079122974262,0.00991179774833268,1.0,0.1418636995827538,0.993690851735016,0.9873015873015876,0,0,0.9697380307136404,0,1,0,0,0,0,0,1,0,0,0,0,0,0,0,0,0,0,0,0,0,0,0,0,0,0,0,3
2017-02-26,0.0,0.5685670261941449,0.1909934878914402,0.9296482412060304,0.9876072449952334,0.002207048212450253,1.0,1.0,1.0,1.0,1,0,0.9723915989159893,0,0,0,0,0,0,1,0,1,0,0,0,0,0,0,0,0,0,0,0,0,0,0,0,0,0,0,4
2017-02-02,22.75675370606,0.33611391530736945,0.05106886607740773,0.9195979899497492,0.9837940896091516,0.006190889751169213,1.0,0.16689847009735745,0.9842271293375398,0.984126984126984,0,0,0.9710365853658536,0,0,0,1,0,0,0,0,1,0,0,0,0,0,0,0,0,0,0,0,0,0,0,0,0,0,0,5
2017-06-08,22.754864882470002,0.33069443706498064,0.13238551061990464,0.6557788944723619,0.8894184938036225,0.1991920769359478,0.7272727272727273,0.12656467315716272,0.7034700315457414,0.6857142857142856,0,0,0.9781504065040649,0,0,0,1,0,0,0,0,0,0,0,0,1,0,0,0,0,0,0,0,0,0,0,0,0,0,0,7
2017-12-04,35.725485129419994,0.6196801445194198,0.3434064165427239,0.341708542713568,0.7959961868446138,0.3999298843889186,0.3636363636363637,0.09040333796940196,0.3123028391167194,0.3015873015873014,0,0,0.9882565492321591,1,0,0,0,0,0,0,0,0,0,0,0,0,0,0,0,0,0,1,0,0,0,0,0,0,0,0,8
2017-09-12,34.07680946347667,0.4086924180436746,0.2691526838121023,0.4321608040201005,0.8245948522402288,0.3961691379763677,0.6363636363636364,0.07927677329624479,0.5520504731861198,0.5333333333333331,0,0,0.9835704607046072,0,1,0,0,0,0,0,0,0,0,0,0,0,0,0,1,0,0,0,0,0,0,0,0,0,0,0,9
2017-05-02,35.375300899226666,0.4191063174114021,0.0792769672868479,0.6633165829145728,0.9008579599618683,0.1960926482188245,0.7272727272727273,0.1321279554937413,0.7854889589905363,0.7873015873015873,0,1,0.9760614272809396,0,1,0,0,0,0,0,0,0,0,0,1,0,0,0,0,0,0,0,0,0,0,1,0,0,0,0,11
2017-12-24,0.0,0.753094947133521,0.4464316691303761,0.2688442211055277,0.7521448999046708,0.6006198857434246,0.18181818181818185,0.3963838664812239,0.2082018927444796,0.20317460317460312,0,0,0.9893857271906052,0,0,0,0,0,0,1,0,0,0,0,0,0,0,0,0,0,0,1,0,0,0,0,0,0,0,0,12
2017-09-16,0.0,0.12443547101641785,0.35301666805505033,0.5577889447236181,0.8408007626310773,0.39705355079796345,0.6363636363636364,0.3755215577190542,0.5362776025236595,0.5238095238095237,0,0,0.9837962962962964,0,0,0,0,0,1,0,0,0,0,0,0,0,0,0,1,0,0,0,0,0,0,0,0,0,0,0,16
2017-07-25,35.23605380784,0.5915201105148503,0.11636628325457812,0.6180904522613065,0.8741658722592945,0.39793796361955897,0.6363636363636364,0.12517385257301808,0.6277602523659306,0.6317460317460316,0,0,0.9808039747064138,0,1,0,0,0,0,0,0,0,0,0,0,0,1,0,0,0,0,0,0,0,1,0,1,0,1,0,17
2017-11-26,0.0,0.5353063067849742,0.4349512510504313,0.3768844221105528,0.7912297426120115,0.4009258447735983,0.3636363636363637,0.3630041724617524,0.31545741324921145,0.3079365079365079,0,0,0.9878048780487804,0,0,0,0,0,0,1,0,0,0,0,0,0,0,0,0,0,1,0,0,0,0,0,0,0,0,0,18
2017-02-14,27.050833529899997,0.4928005950799638,0.14822911925694807,0.9321608040201006,0.990467111534795,0.0053064769295735606,1.0,0.16272600834492348,0.9905362776025238,0.9968253968253971,0,0,0.9717140921409214,0,1,0,0,0,0,0,0,1,0,0,0,0,0,0,0,0,0,0,0,0,0,0,0,0,0,0,19
2017-08-17,23.87762082777,0.5471016417831146,0.20449886773054207,0.5125628140703519,0.8446139180171591,0.3961691379763677,0.6363636363636364,0.10292072322670376,0.6151419558359624,0.6253968253968254,0,0,0.9821025293586271,0,0,0,1,0,0,0,0,0,0,0,0,0,0,1,0,0,0,0,0,0,0,0,0,0,0,0,20
2017-11-13,36.733070170163344,0.5498113809043089,0.30551514298979915,0.3492462311557791,0.7836034318398475,0.4001529795150868,0.3636363636363637,0.08623087621696801,0.2996845425867509,0.3047619047619048,0,0,0.9870709123757904,1,0,0,0,0,0,0,0,0,0,0,0,0,0,0,0,0,1,0,0,0,0,0,0,0,0,0,22
2017-03-03,23.095193944766674,0.35130970724191063,0.17146818330558306,0.8216080402010052,0.9656816015252622,0.0017688256431912163,1.0,0.5674547983310153,0.993690851735016,0.9968253968253971,0,0,0.9726738934056008,0,0,0,0,1,0,0,0,0,1,0,0,0,0,0,0,0,0,0,0,0,0,0,0,0,0,0,23
2017-09-03,0.0,0.4955103342011583,0.2400228808075221,0.5804020100502513,0.8512869399428026,0.3944003123331766,0.6363636363636364,0.5563282336578581,0.5615141955835965,0.5746031746031746,0,0,0.9830623306233064,0,0,0,0,0,0,1,0,0,0,0,0,0,0,0,1,0,0,0,0,0,0,0,0,0,0,0,24
2017-04-04,34.53631808227666,0.62515275490144,0.02809956443993855,0.8140703517587944,0.9609151572926596,0.1987458866836113,0.9090909090909092,0.1376912378303199,0.914826498422713,0.9142857142857144,0,0,0.9744805781391148,0,1,0,0,0,0,0,0,0,0,1,0,0,0,0,0,0,0,0,0,0,0,0,0,0,0,0,25
2017-04-19,23.577308201466664,0.5002390946283406,0.17711073173295835,0.7814070351758796,0.9399428026692088,0.1987458866836113,0.9090909090909092,0.1349095966620306,0.9022082018927448,0.8984126984126983,0,0,0.9753274616079494,0,0,1,0,0,0,0,0,0,0,1,0,0,0,0,0,0,0,0,0,0,0,0,0,0,0,0,26
2017-03-24,28.221210311433328,0.5489612666702088,0.1300245977732002,0.8216080402010052,0.9599618684461392,0.1960926482188245,1.0,0.5299026425591099,0.971608832807571,0.942857142857143,0,0,0.9738595302619693,0,0,0,0,1,0,0,0,0,1,0,0,0,0,0,0,0,0,0,0,0,0,0,0,0,0,0,27
2017-03-07,22.471579365076664,0.4703788321555709,0.1939605904569452,0.7688442211055276,0.9513822688274548,0.0017688256431912163,1.0,0.3490959666203059,0.993690851735016,0.9968253968253971,0,0,0.97289972899729,0,1,0,0,0,0,0,0,0,1,0,0,0,0,0,0,0,0,0,0,0,0,0,0,0,0,0,28
2017-11-25,0.0,0.5353063067849742,0.4349512510504313,0.3768844221105528,0.7912297426120115,0.4009258447735983,0.3636363636363637,0.3630041724617524,0.31545741324921145,0.3079365079365079,0,0,0.9877484191508582,0,0,0,0,0,1,0,0,0,0,0,0,0,0,0,0,0,1,0,0,0,0,0,0,0,0,0,29
2017-11-11,0.0,0.6210084480102013,0.3001914224320431,0.341708542713568,0.7816968541468065,0.4005912020843459,0.3636363636363637,0.3630041724617524,0.30283911671924296,0.311111111111111,0,0,0.9869579945799458,0,0,0,0,0,1,0,0,0,0,0,0,0,0,0,0,0,1,0,0,0,0,0,0,0,0,0,30
2017-10-05,30.84177591194,0.6704744700069071,0.2077424885251,0.3718592964824122,0.7902764537654908,0.3997067892627503,0.4545454545454545,0.09179415855354657,0.4353312302839118,0.43809523809523815,0,0,0.9848690153568204,0,0,0,1,0,0,0,0,0,0,0,0,0,0,0,0,1,0,0,0,0,0,0,0,0,0,0,31
2017-02-17,23.258034639466672,0.4812177886403485,0.19076493774411768,0.9673366834170856,0.9933269780743564,0.0044220641079780855,1.0,0.803894297635605,0.9905362776025238,0.9968253968253971,0,0,0.9718834688346883,0,0,0,0,1,0,0,0,1,0,0,0,0,0,0,0,0,0,0,0,0,0,0,0,0,0,0,32
2017-06-02,27.700983131190004,0.35869507465065625,0.1070135544098029,0.6859296482412061,0.8865586272640611,0.1996302995052069,0.7272727272727273,0.4951321279554937,0.7066246056782335,0.6888888888888887,0,0,0.9778116531165312,0,0,0,0,1,0,0,0,0,0,0,0,1,0,0,0,0,0,0,0,0,0,0,0,0,0,0,34
2017-12-08,27.896595445706662,0.5904043355825939,0.3834133259341944,0.4070351758793971,0.8007626310772165,0.3999298843889186,0.3636363636363637,0.368567454798331,0.3217665615141955,0.3015873015873014,0,0,0.9884823848238482,0,0,0,0,1,0,0,0,0,0,0,0,0,0,0,0,0,0,1,0,0,0,0,0,0,0,0,35
2017-06-17,0.0,0.43037033101322986,0.1078305321540298,0.7035175879396985,0.8922783603431839,0.3957229477240313,0.7272727272727273,0.4840055632823366,0.6656151419558363,0.6253968253968254,0,0,0.9786585365853658,0,0,0,0,0,1,0,0,0,0,0,0,1,0,0,0,0,0,0,0,0,0,0,0,0,0,0,36
2017-12-17,0.0,0.5332872854789862,0.4882466471732136,0.3592964824120605,0.7874165872259294,0.599623925358745,0.3636363636363637,0.32545201668984697,0.3091482649842271,0.2952380952380952,0,0,0.988990514905149,0,0,0,0,0,0,1,0,0,0,0,0,0,0,0,0,0,0,1,0,0,0,0,0,0,0,0,37
2018-01-06,0.0,0.6523032782530153,0.4362996075913943,0.1809045226130655,0.0,0.5961340801708271,0.18181818181818185,0.2739916550764951,0.1861198738170347,0.1936507936507935,0,0,0.9901196928635954,0,0,0,0,0,1,0,1,0,0,0,0,0,0,0,0,0,0,0,0,0,0,0,0,0,0,0,39
2017-05-12,27.59936950703333,0.7928377875777057,0.04820126393129733,0.6331658291457288,0.8846520495710201,0.19741528360967905,0.7272727272727273,0.4700973574408902,0.7539432176656152,0.7587301587301588,0,0,0.9766260162601628,0,0,0,0,1,0,0,0,0,0,0,1,0,0,0,0,0,0,0,0,0,0,0,0,0,0,0,41
2017-08-04,25.283833020326657,0.5236172360660963,0.14419427505544066,0.4698492462311559,0.8789323164918971,0.3944003123331766,0.6363636363636364,0.12100139082058416,0.6403785488958993,0.653968253968254,0,0,0.9813685636856369,0,0,0,0,1,0,0,0,0,0,0,0,0,0,1,0,0,0,0,0,0,0,0,0,0,0,0,42
2017-04-01,0.0,0.5379097816269062,0.039152446323215184,0.8417085427135681,0.9704480457578646,0.19210880668010555,0.9090909090909092,0.5062586926286509,0.914826498422713,0.9142857142857144,0,0,0.9743112014453478,0,0,0,0,0,1,0,0,0,0,1,0,0,0,0,0,0,0,0,0,0,0,0,0,0,0,0,44
2017-07-07,23.382904903756668,0.6121353806917805,0.08531971214524825,0.6306532663316585,0.8817921830314586,0.3930697092592444,0.6363636363636364,0.4728789986091794,0.6277602523659306,0.6349206349206348,0,0,0.979787714543812,0,0,0,0,1,0,0,0,0,0,0,0,0,1,0,0,0,0,0,0,0,0,0,0,0,0,0,45
2017-06-26,37.62479260792,0.668827373678338,0.06896697395058665,0.6105527638190957,0.86558627264061,0.3948385349024357,0.6363636363636364,0.11821974965229486,0.6277602523659306,0.6285714285714286,0,0,0.9791666666666666,1,0,0,0,0,0,0,0,0,0,0,0,1,0,0,0,0,0,0,0,0,1,0,0,0,1,0,47
2017-04-11,24.003223946213325,0.43972158758833213,0.2222836233913474,0.6934673366834173,0.9180171591992374,0.19653087078808354,0.9090909090909092,0.1321279554937413,0.9053627760252368,0.9111111111111112,0,0,0.9748757904245708,0,1,0,0,0,0,0,0,0,0,1,0,0,0,0,0,0,0,0,0,0,0,0,0,0,0,0,48
2017-05-17,29.740048086690003,0.6891769831571117,0.05142519997627655,0.6482412060301511,0.8789323164918971,0.19741528360967905,0.7272727272727273,0.1223922114047288,0.7223974763406943,0.7428571428571427,0,0,0.976908310749774,0,0,1,0,0,0,0,0,0,0,0,1,0,0,0,0,0,0,0,0,0,0,0,0,0,0,0,49
2017-10-18,29.586708653583326,0.588013389299187,0.34887123430925426,0.3517587939698494,0.7893231649189704,0.4014756149059414,0.4545454545454545,0.08901251738525731,0.3722397476340697,0.377777777777778,0,0,0.9856029810298104,0,0,1,0,0,0,0,0,0,0,0,0,0,0,0,0,1,0,0,0,0,0,0,0,0,0,0,50
2017-06-18,0.0,0.43037033101322986,0.1078305321540298,0.7035175879396985,0.8922783603431839,0.3957229477240313,0.7272727272727273,0.4840055632823366,0.6656151419558363,0.6253968253968254,0,0,0.9787149954832882,0,0,0,0,0,0,1,0,0,0,0,0,1,0,0,0,0,0,0,0,0,0,0,0,0,0,0,51
2017-12-11,38.187478506546675,0.8904415280803356,0.3831428003877329,0.3793969849246233,0.7979027645376549,0.3999298843889186,0.3636363636363637,0.08623087621696801,0.3186119873817035,0.3015873015873014,0,0,0.9886517615176152,1,0,0,0,0,0,0,0,0,0,0,0,0,0,0,0,0,0,1,0,0,0,0,0,0,0,0,54
2017-11-17,29.494478417059998,0.4499229583975346,0.4077305936713125,0.3819095477386936,0.7883698760724499,0.4001529795150868,0.3636363636363637,0.36439499304589706,0.3123028391167194,0.311111111111111,0,0,0.9872967479674796,0,0,0,0,1,0,0,0,0,0,0,0,0,0,0,0,0,1,0,0,0,0,0,0,0,0,0,56
2017-03-17,26.09745522008667,0.4045481111524361,0.21173646357785814,0.8718592964824121,0.9742612011439468,0.19414056586485215,1.0,0.5424200278164116,0.9810725552050478,0.984126984126984,0,0,0.9734643179765132,0,0,0,0,1,0,0,0,0,1,0,0,0,0,0,0,0,0,0,0,0,0,0,0,0,0,0,58
2017-03-22,27.436030162180003,0.5357844960416556,0.2113287334042069,0.8743718592964824,0.9733079122974262,0.1960926482188245,1.0,0.14603616133518774,0.9747634069400629,0.946031746031746,0,0,0.9737466124661248,0,0,1,0,0,0,0,0,0,1,0,0,0,0,0,0,0,0,0,0,0,0,0,0,0,0,0,60
2017-03-05,0.0,0.35130970724191063,0.17146818330558306,0.8216080402010052,0.9656816015252622,0.0017688256431912163,1.0,0.5674547983310153,0.993690851735016,0.9968253968253971,0,0,0.9727868112014454,0,0,0,0,0,0,1,0,0,1,0,0,0,0,0,0,0,0,0,0,0,0,0,0,0,0,0,61
2017-11-28,34.587874630336664,0.22235800435683545,0.4270530551209044,0.4346733668341708,0.7998093422306959,0.4019218051582781,0.3636363636363637,0.09596662030598052,0.3123028391167194,0.3079365079365079,0,0,0.9879177958446252,0,1,0,0,0,0,0,0,0,0,0,0,0,0,0,0,0,1,0,0,1,0,0,0,0,0,0,62
2017-05-01,0.0,0.4160777854524202,0.06419636084026603,0.8140703517587944,0.9342230695900858,0.19829969643127468,0.9090909090909092,0.7148817802503477,0.8611987381703471,0.8349206349206351,1,0,0.9760049683830172,1,0,0,0,0,0,0,0,0,0,0,1,0,0,0,0,0,0,0,0,0,0,0,0,0,0,0,63
2017-12-18,65.16674158890335,0.5418415599596195,0.5024838708027679,0.2688442211055277,0.7550047664442325,0.599623925358745,0.18181818181818185,0.05980528511821975,0.2649842271293376,0.25714285714285706,0,0,0.9890469738030714,1,0,0,0,0,0,0,0,0,0,0,0,0,0,0,0,0,0,1,0,0,0,0,0,0,0,0,65
2017-08-31,28.990918166729998,0.5536900270973912,0.2372894928630833,0.5628140703517591,0.8446139180171591,0.3961691379763677,0.6363636363636364,0.10152990264255912,0.5615141955835965,0.5777777777777777,0,0,0.9828929539295392,0,0,0,1,0,0,0,0,0,0,0,0,0,0,1,0,0,0,0,0,0,0,1,0,0,0,0,66
2017-04-21,25.277023654196665,0.46352478614313797,0.19470066900965566,0.7738693467336687,0.9380362249761678,0.19829969643127468,0.9090909090909092,0.5076495132127956,0.8927444794952681,0.876190476190476,0,0,0.9754403794037941,0,0,0,0,1,0,0,0,0,0,1,0,0,0,0,0,0,0,0,0,0,0,0,0,0,0,0,70
2017-12-22,44.43610071875333,0.753094947133521,0.4464316691303761,0.2688442211055277,0.7521448999046708,0.6006198857434246,0.18181818181818185,0.3963838664812239,0.2082018927444796,0.20317460317460312,0,0,0.9892728093947606,0,0,0,0,1,0,0,0,0,0,0,0,0,0,0,0,0,0,1,0,0,0,0,0,0,0,0,72
2017-07-12,26.239833872876662,0.2987088890069603,0.17681181932823942,0.5829145728643216,0.8703527168732127,0.3966073605456269,0.6363636363636364,0.1223922114047288,0.6309148264984227,0.6349206349206348,0,0,0.9800700090334236,0,0,1,0,0,0,0,0,0,0,0,0,0,1,0,0,0,0,0,0,0,0,0,0,0,0,0,73
2017-08-19,0.0,0.6832261835184101,0.1985682564343538,0.5150753768844222,0.8436606291706387,0.3957229477240313,0.6363636363636364,0.4130737134909597,0.6151419558359624,0.6253968253968254,0,0,0.9822154471544716,0,0,0,0,0,1,0,0,0,0,0,0,0,0,1,0,0,0,0,0,0,0,0,0,0,0,0,75
2017-10-10,31.375865018816672,0.6528877317889591,0.3017145458293315,0.44974874371859297,0.8122020972354623,0.3992685666934912,0.4545454545454545,0.0973574408901252,0.4290220820189277,0.4317460317460319,0,0,0.9851513098464318,0,1,0,0,0,0,0,0,0,0,0,0,0,0,0,0,1,0,0,0,0,0,0,0,0,0,0,76
2017-08-01,31.58315146732,0.4456192550874024,0.09574393618683956,0.6105527638190957,0.8856053384175404,0.3944003123331766,0.6363636363636364,0.12378303198887344,0.6340694006309152,0.6380952380952378,0,0,0.98119918699187,0,1,0,0,0,0,0,0,0,0,0,0,0,0,1,0,0,0,0,0,0,0,0,0,0,0,0,77
2017-03-06,27.5868159823,0.5418946920992509,0.1715060945655902,0.806532663316583,0.96186844613918,0.0017688256431912163,1.0,0.14881780250347704,0.993690851735016,0.9968253968253971,0,0,0.9728432700993676,1,0,0,0,0,0,0,0,0,1,0,0,0,0,0,0,0,0,0,0,0,0,0,0,0,0,0,78
2017-06-11,0.0,0.3320227405557622,0.13175583230660334,0.6532663316582916,0.8836987607244995,0.1996302995052069,0.7272727272727273,0.6578581363004172,0.7003154574132493,0.6857142857142856,0,0,0.978319783197832,0,0,0,0,0,0,1,0,0,0,0,0,1,0,0,0,0,0,0,0,0,0,0,0,0,0,0,79
2017-07-02,0.0,0.4318580309229052,0.07680501825465479,0.6582914572864322,0.894184938036225,0.38333320053861536,0.6363636363636364,0.478442280945758,0.6372239747634073,0.6317460317460316,0,0,0.9795054200542004,0,0,0,0,0,0,1,0,0,0,0,0,0,1,0,0,0,0,0,0,0,0,0,0,0,0,0,80
2017-10-06,29.948078014056676,0.7033101322990276,0.2036143732178887,0.4597989949748746,0.8045757864632983,0.3997067892627503,0.4545454545454545,0.5396383866481224,0.4321766561514197,0.4317460317460319,0,0,0.9849254742547424,0,0,0,0,1,0,0,0,0,0,0,0,0,0,0,0,1,0,0,0,0,0,0,0,0,0,0,81
2017-03-27,37.79162462717999,0.5281334679347537,0.12767714332027216,0.8291457286432161,0.9561487130600572,0.1943158548925557,0.9090909090909092,0.13908205841446453,0.9432176656151421,0.93015873015873,0,0,0.9740289069557362,1,0,0,0,0,0,0,0,0,1,0,0,0,0,0,0,0,0,0,0,0,1,0,0,0,1,0,82
2017-10-25,41.49632799357334,0.4309016524095425,0.4715535269736692,0.3492462311557791,0.786463298379409,0.4014756149059414,0.4545454545454545,0.09179415855354657,0.3470031545741328,0.3333333333333333,0,0,0.9859981933152664,0,0,1,0,0,0,0,0,0,0,0,0,0,0,0,0,1,0,0,0,0,1,0,1,0,1,0,83
2017-11-10,0.0,0.6210084480102013,0.3001914224320431,0.341708542713568,0.7816968541468065,0.4005912020843459,0.3636363636363637,0.3630041724617524,0.30283911671924296,0.311111111111111,0,0,0.9869015356820234,0,0,0,0,1,0,0,0,0,0,0,0,0,0,0,0,0,1,0,0,0,0,0,0,0,0,0,84
2017-01-20,28.811713635179995,0.5058711014292546,0.17858730091933514,0.9120603015075378,0.9818875119161108,0.006190889751169213,1.0,0.5897079276773296,0.9842271293375398,0.984126984126984,0,0,0.9703026196928636,0,0,0,0,1,0,0,1,0,0,0,0,0,0,0,0,0,0,0,0,0,0,0,0,0,0,0,86
2017-09-25,46.83906166596665,0.7428404441846873,0.2505748412744398,0.3969849246231159,0.8007626310772165,0.3966073605456269,0.4545454545454545,0.06954102920723228,0.4605678233438487,0.4539682539682537,0,0,0.9843044263775972,1,0,0,0,0,0,0,0,0,0,0,0,0,0,0,1,0,0,0,0,0,1,0,0,0,1,0,90
2017-07-26,38.81302509639334,0.3798947983635301,0.11393203547229147,0.6482412060301511,0.8779790276453766,0.3961691379763677,0.6363636363636364,0.12795549374130738,0.6277602523659306,0.6317460317460316,0,0,0.980860433604336,0,0,1,0,0,0,0,0,0,0,0,0,0,1,0,0,0,0,0,0,0,0,0,0,0,0,0,91
2017-01-28,0.0,0.08857127676531536,0.15327581578667634,0.9698492462311559,0.9990467111534796,0.007521492825101304,1.0,0.6369958275382476,0.9842271293375398,0.984126984126984,0,0,0.970754290876242,0,0,0,0,0,1,0,1,0,0,0,0,0,0,0,0,0,0,0,0,0,0,0,0,0,0,0,92
2017-03-13,35.514639669833336,0.5595345624568302,0.16985325591540698,0.8643216080402012,0.9704480457578646,0.0017688256431912163,1.0,0.15577190542420027,0.9810725552050478,0.9873015873015876,0,0,0.9732384823848238,1,0,0,0,0,0,0,0,0,1,0,0,0,0,0,0,0,0,0,0,0,0,0,0,0,0,0,94
2017-05-05,23.826218822926663,0.6930556293501938,0.0,0.7412060301507539,0.9142040038131554,0.19697706104042,0.7272727272727273,0.8831710709318498,0.7981072555205051,0.7968253968253967,0,1,0.9762308039747064,0,0,0,0,1,0,0,0,0,0,0,1,0,0,0,0,0,0,0,0,0,0,0,0,0,0,0,95
2017-02-27,47.53867743767666,0.7597895967270603,0.07571652998701546,0.9246231155778896,0.9895138226882746,0.002207048212450253,1.0,0.15716272600834494,0.996845425867508,0.9968253968253971,0,1,0.9724480578139116,1,0,0,0,0,0,0,0,1,0,0,0,0,0,0,0,0,0,0,0,0,1,0,0,0,1,0,97
2017-05-16,26.93460919304667,0.6567663779820414,0.04654162805278479,0.6005025125628141,0.8798856053384175,0.19741528360967905,0.7272727272727273,0.11821974965229486,0.7444794952681392,0.7650793650793649,0,0,0.976851851851852,0,1,0,0,0,0,0,0,0,0,0,1,0,0,0,0,0,0,0,0,0,0,0,0,0,0,0,98
2017-01-12,22.16102338810667,0.7844429095159661,0.10884665567359432,0.8693467336683418,0.9752144899904672,0.009736508720629136,1.0,0.14603616133518774,0.993690851735016,0.9873015873015876,0,0,0.9698509485094852,0,0,0,1,0,0,0,1,0,0,0,0,0,0,0,0,0,0,0,0,0,0,0,0,0,0,0,99
2017-01-30,36.92162775938333,0.1081239041496201,0.151371796182405,0.9547738693467336,0.992373689227836,0.008852095899033484,1.0,0.172461752433936,0.9842271293375398,0.984126984126984,0,0,0.9708672086720868,1,0,0,0,0,0,0,1,0,0,0,0,0,0,0,0,0,0,0,0,1,0,0,0,0,0,0,100
2017-08-08,27.273124565823327,0.28526645768025083,0.2720761604765504,0.4396984924623119,0.8150619637750239,0.3961691379763677,0.6363636363636364,0.10709318497913768,0.6403785488958993,0.6444444444444446,0,0,0.981594399277326,0,1,0,0,0,0,0,0,0,0,0,0,0,0,1,0,0,0,0,0,0,0,0,0,0,0,0,102
2017-11-06,0.0,0.6652143881834122,0.28521371206113183,0.3793969849246233,0.7940896091515729,0.4014756149059414,0.3636363636363637,0.4770514603616134,0.3186119873817035,0.3206349206349206,1,0,0.9866757000903342,1,0,0,0,0,0,0,0,0,0,0,0,0,0,0,0,0,1,0,0,0,0,0,0,0,0,0,103
2017-03-20,36.46440386907,0.4560862865947612,0.20895154033786606,0.8919597989949749,0.9733079122974262,0.1959093915080433,1.0,0.14603616133518774,0.9810725552050478,0.9682539682539684,0,0,0.97363369467028,1,0,0,0,0,0,0,0,0,1,0,0,0,0,0,0,0,0,0,0,0,0,0,0,0,0,0,104
2017-03-21,27.25425433289,0.4198501673662398,0.21234393406248386,0.8869346733668343,0.9752144899904672,0.19502497868644764,1.0,0.14325452016689846,0.9747634069400629,0.9555555555555554,0,0,0.9736901535682024,0,1,0,0,0,0,0,0,0,1,0,0,0,0,0,0,0,0,0,0,0,0,0,0,0,0,0,106
2017-12-21,44.61304585559333,0.6618670633866426,0.4493241204998085,0.2587939698492463,0.7511916110581506,0.6006198857434246,0.18181818181818185,0.052851182197496516,0.21135646687697165,0.20952380952380933,0,0,0.9892163504968384,0,0,0,1,0,0,0,0,0,0,0,0,0,0,0,0,0,0,1,0,0,0,0,0,0,0,0,107
2017-12-27,62.69349046051666,0.7437968226980499,0.4420835076059757,0.2361809045226132,0.7607244995233556,0.6011138820942259,0.18181818181818185,0.03616133518776078,0.1987381703470032,0.2,0,0,0.9895551038843722,0,0,1,0,0,0,0,0,0,0,0,0,0,0,0,0,0,0,1,0,0,0,0,0,0,0,0,108
2017-11-04,0.0,0.6652143881834122,0.28521371206113183,0.3793969849246233,0.7940896091515729,0.4014756149059414,0.3636363636363637,0.4770514603616134,0.3186119873817035,0.3206349206349206,0,0,0.9865627822944896,0,0,0,0,0,1,0,0,0,0,0,0,0,0,0,0,0,1,0,0,0,0,0,0,0,0,0,109
2017-05-20,0.0,0.4965729769937836,0.1198460175179718,0.6608040201005025,0.8798856053384175,0.19786147386201566,0.7272727272727273,0.4881780250347705,0.7160883280757101,0.7333333333333333,0,0,0.9770776874435412,0,0,0,0,0,1,0,0,0,0,0,1,0,0,0,0,0,0,0,0,0,0,0,0,0,0,0,111
2017-04-12,24.948603115466668,0.475851442537591,0.19177150432515652,0.7788944723618093,0.9370829361296472,0.19697706104042,0.9090909090909092,0.13908205841446453,0.9022082018927448,0.9079365079365082,0,0,0.9749322493224932,0,0,1,0,0,0,0,0,0,0,1,0,0,0,0,0,0,0,0,0,0,0,0,0,0,0,0,112
2017-09-18,30.78024087477,0.18373093884490724,0.34920500543279864,0.3743718592964825,0.8026692087702574,0.39705355079796345,0.4545454545454545,0.07788595271210015,0.5173501577287066,0.5047619047619045,0,0,0.9839092140921408,1,0,0,0,0,0,0,0,0,0,0,0,0,0,0,1,0,0,0,0,0,0,0,0,0,0,0,115
2017-09-06,23.201782542340002,0.4043887147335424,0.31589270929437296,0.5075376884422113,0.8493803622497617,0.3948385349024357,0.6363636363636364,0.09179415855354657,0.5583596214511044,0.5428571428571429,0,0,0.9832317073170732,0,0,1,0,0,0,0,0,0,0,0,0,0,0,0,1,0,0,0,0,0,0,0,0,0,0,0,117
2017-06-06,29.425186085463327,0.5365814781361246,0.10984762001335564,0.7889447236180904,0.9056244041944708,0.1991920769359478,0.7272727272727273,0.14047287899860916,0.7034700315457414,0.6857142857142856,0,0,0.9780374887082204,0,1,0,0,0,0,0,0,0,0,0,0,1,0,0,0,0,0,0,0,0,0,0,0,0,0,0,118
2017-04-16,0.0,0.4171404282450455,0.1748698056430761,0.7914572864321607,0.9466158245948522,0.19564645796648789,0.9090909090909092,0.5257301808066759,0.9022082018927448,0.9015873015873014,0,0,0.9751580849141824,0,0,0,0,0,0,1,0,0,0,1,0,0,0,0,0,0,0,0,0,0,0,0,0,0,0,0,119
2017-10-12,33.16789954824667,0.7273789915519898,0.2071412355226099,0.4296482412060302,0.8007626310772165,0.4014756149059414,0.4545454545454545,0.09179415855354657,0.4069400630914828,0.41587301587301584,0,0,0.9852642276422764,0,0,0,1,0,0,0,0,0,0,0,0,0,0,0,0,1,0,0,0,0,0,0,0,0,0,0,122
2017-07-24,57.48874883651001,0.6633547632963179,0.1138176716619679,0.6206030150753769,0.8751191611058149,0.39705355079796345,0.6363636363636364,0.1223922114047288,0.6277602523659306,0.6317460317460316,0,0,0.9807475158084914,1,0,0,0,0,0,0,0,0,0,0,0,0,1,0,0,0,0,0,0,0,0,0,0,0,0,0,123
2017-12-12,36.18468514178,0.6192550874023698,0.5545840964846507,0.3819095477386936,0.7874165872259294,0.3999298843889186,0.3636363636363637,0.07371349095966621,0.3249211356466879,0.3047619047619048,0,0,0.9887082204155376,0,1,0,0,0,0,0,0,0,0,0,0,0,0,0,0,0,0,1,0,0,0,0,0,0,0,0,124
2017-09-23,0.0,0.7438499548376813,0.1885105857972352,0.3819095477386936,0.7979027645376549,0.39705355079796345,0.4545454545454545,0.32127955493741306,0.4921135646687698,0.4666666666666667,0,0,0.9841915085817524,0,0,0,0,0,1,0,0,0,0,0,0,0,0,0,1,0,0,0,0,0,0,0,0,0,0,0,125
2017-05-04,21.15999669319,0.5868976143669306,0.012366566052404968,0.7663316582914573,0.9161105815061964,0.19697706104042,0.7272727272727273,0.1418636995827538,0.8170347003154573,0.8158730158730159,0,0,0.976174345076784,0,0,0,1,0,0,0,0,0,0,0,1,0,0,0,0,0,0,0,0,0,0,0,0,0,0,0,126
2017-09-02,0.0,0.4955103342011583,0.2400228808075221,0.5804020100502513,0.8512869399428026,0.3944003123331766,0.6363636363636364,0.5563282336578581,0.5615141955835965,0.5746031746031746,0,0,0.983005871725384,0,0,0,0,0,1,0,0,0,0,0,0,0,0,0,1,0,0,0,0,0,0,0,0,0,0,0,129
2017-06-28,33.65843368340334,0.5077838584559801,0.05914241748311962,0.6582914572864322,0.8817921830314586,0.3952847251547723,0.6363636363636364,0.12378303198887344,0.6246056782334385,0.6253968253968254,0,0,0.9792795844625112,0,0,1,0,0,0,0,0,0,0,0,0,1,0,0,0,0,0,0,0,1,0,0,0,0,0,0,130
2017-01-24,24.48302093842,0.501514265979491,0.16440072521871127,0.8417085427135681,0.9675881792183032,0.006190889751169213,1.0,0.1599443671766342,0.9842271293375398,0.9873015873015876,0,0,0.9705284552845528,0,1,0,0,0,0,0,1,0,0,0,0,0,0,0,0,0,0,0,0,0,0,0,0,0,0,0,131
2017-07-09,0.0,0.6121353806917805,0.08531971214524825,0.6306532663316585,0.8817921830314586,0.3930697092592444,0.6363636363636364,0.4728789986091794,0.6277602523659306,0.6349206349206348,0,0,0.9799006323396569,0,0,0,0,0,0,1,0,0,0,0,0,0,1,0,0,0,0,0,0,0,0,0,0,0,0,0,132
2017-08-13,0.0,0.6194144838212634,0.17501007464300272,0.4723618090452262,0.8274547187797903,0.3961691379763677,0.6363636363636364,0.4255910987482614,0.6246056782334385,0.6412698412698415,0,0,0.9818766937669376,0,0,0,0,0,0,1,0,0,0,0,0,0,0,1,0,0,0,0,0,0,0,0,0,0,0,0,134
2017-10-11,28.88143336520333,0.5437011848467137,0.33804132695302136,0.3643216080402011,0.7912297426120115,0.4005912020843459,0.4545454545454545,0.09040333796940196,0.4290220820189277,0.4317460317460319,0,0,0.985207768744354,0,0,1,0,0,0,0,0,0,0,0,0,0,0,0,0,1,0,0,0,0,0,0,0,0,0,0,136
2017-09-30,0.0,0.490409648796557,0.19306558064981366,0.5075376884422113,0.8293612964728312,0.3992685666934912,0.4545454545454545,0.35326842837273986,0.4290220820189277,0.4317460317460319,0,0,0.9845867208672088,0,0,0,0,0,1,0,0,0,0,0,0,0,0,0,1,0,0,0,0,0,0,0,0,0,0,0,137
2017-02-20,28.971819240906672,0.4945008235481642,0.19241294911987386,0.9246231155778896,0.9942802669208771,0.004422064107977997,1.0,0.803894297635605,0.993690851735016,0.9968253968253971,0,0,0.9720528455284552,1,0,0,0,0,0,0,0,1,0,0,0,0,0,0,0,0,0,0,0,0,0,0,0,0,0,0,138
2017-10-30,45.42752549110667,0.3696934275543276,0.2798805351330675,0.4120603015075376,0.7855100095328885,0.4019218051582781,0.3636363636363637,0.08484005563282337,0.32807570977917994,0.3238095238095237,0,0,0.986280487804878,1,0,0,0,0,0,0,0,0,0,0,0,0,0,0,0,1,0,0,1,1,0,0,0,0,0,0,139
2017-07-19,28.54058681886667,0.6795600658838532,0.10001134439069248,0.613065326633166,0.8770257387988559,0.39705355079796345,0.6363636363636364,0.12100139082058416,0.6309148264984227,0.6349206349206348,0,0,0.9804652213188798,0,0,1,0,0,0,0,0,0,0,0,0,0,1,0,0,0,0,0,0,0,0,0,0,0,0,0,140
2017-12-10,0.0,0.5904043355825939,0.3834133259341944,0.4070351758793971,0.8007626310772165,0.3999298843889186,0.3636363636363637,0.368567454798331,0.3217665615141955,0.3015873015873014,0,0,0.9885953026196928,0,0,0,0,0,0,1,0,0,0,0,0,0,0,0,0,0,0,1,0,0,0,0,0,0,0,0,141
2017-12-05,29.094179381166672,0.5803623611922851,0.3441017570282106,0.4020100502512565,0.7883698760724499,0.3999298843889186,0.3636363636363637,0.09596662030598052,0.3186119873817035,0.3015873015873014,0,0,0.9883130081300812,0,1,0,0,0,0,0,0,0,0,0,0,0,0,0,0,0,0,1,0,0,0,0,0,0,0,0,142
2017-12-14,29.37487689017666,0.4977950162053026,0.5575981791970459,0.3467336683417085,0.7826501429933271,0.5951381197861474,0.3636363636363637,0.07510431154381085,0.31545741324921145,0.2984126984126983,0,0,0.988821138211382,0,0,0,1,0,0,0,0,0,0,0,0,0,0,0,0,0,0,1,0,0,0,0,0,0,0,0,143
2017-01-18,22.26687597122333,0.6494872748525582,0.12110742691936152,0.9522613065326634,0.9895138226882746,0.007075302572764777,1.0,0.16689847009735745,0.9810725552050478,0.9809523809523808,0,0,0.9701897018970188,0,0,1,0,0,0,0,1,0,0,0,0,0,0,0,0,0,0,0,0,0,0,0,0,0,0,0,144
2017-10-20,26.870516176203342,0.614260666277031,0.3425796659340932,0.3165829145728645,0.7778836987607245,0.4014756149059414,0.4545454545454545,0.368567454798331,0.36277602523659297,0.35873015873015873,0,0,0.9857158988256548,0,0,0,0,1,0,0,0,0,0,0,0,0,0,0,0,1,0,0,0,0,0,0,0,0,0,0,145
2017-09-10,0.0,0.4180436746187768,0.25587811394732185,0.4899497487437187,0.8293612964728312,0.3957229477240313,0.6363636363636364,0.3546592489568845,0.5583596214511044,0.5365079365079367,0,0,0.9834575429087624,0,0,0,0,0,0,1,0,0,0,0,0,0,0,0,1,0,0,0,0,0,0,0,0,0,0,0,146
2017-03-30,37.439767087220005,0.464321768237607,0.03267914526374113,0.8944723618090452,0.9752144899904672,0.1960926482188245,0.9090909090909092,0.1474269819193324,0.914826498422713,0.9142857142857144,0,0,0.9741982836495032,0,0,0,1,0,0,0,0,0,1,0,0,0,0,0,0,0,0,0,0,0,0,0,0,0,0,0,149
2017-01-19,24.18348456861,0.504330269379948,0.1741487551886434,0.9346733668341708,0.9942802669208771,0.007521492825101304,1.0,0.16689847009735745,0.9810725552050478,0.9873015873015876,0,0,0.9702461607949412,0,0,0,1,0,0,0,1,0,0,0,0,0,0,0,0,0,0,0,0,0,0,0,0,0,0,0,151
2017-01-15,0.0,0.7673343605546995,0.1107785001372623,0.9020100502512566,0.9790276453765492,0.009736508720629136,1.0,0.7538247566063977,0.9905362776025238,0.984126984126984,0,0,0.9700203252032521,0,0,0,0,0,0,1,1,0,0,0,0,0,0,0,0,0,0,0,0,0,0,0,0,0,0,0,152
2017-05-19,26.404236653656675,0.4965729769937836,0.1198460175179718,0.6608040201005025,0.8798856053384175,0.19786147386201566,0.7272727272727273,0.4881780250347705,0.7160883280757101,0.7333333333333333,0,0,0.9770212285456188,0,0,0,0,1,0,0,0,0,0,0,1,0,0,0,0,0,0,0,0,0,0,0,0,0,0,0,154
2017-01-16,25.93223384894,0.6929493650709314,0.11234293636661116,0.9422110552763824,0.9837940896091516,0.009736508720629136,1.0,0.7538247566063977,0.9905362776025238,0.984126984126984,0,0,0.9700767841011744,1,0,0,0,0,0,0,1,0,0,0,0,0,0,0,0,0,0,0,0,0,0,0,0,0,1,1,155
2017-06-20,27.21223173308666,0.5009829445831784,0.10769546312251176,0.6432160804020101,0.8770257387988559,0.3948385349024357,0.6363636363636364,0.1223922114047288,0.6340694006309152,0.6349206349206348,0,0,0.9788279132791328,0,1,0,0,0,0,0,0,0,0,0,0,1,0,0,0,0,0,0,0,0,0,0,0,0,0,0,157
2017-09-20,27.41977126507333,0.41177408214228783,0.2333968136681861,0.3844221105527639,0.7988560533841754,0.39705355079796345,0.4545454545454545,0.08484005563282337,0.4984227129337538,0.4857142857142859,0,0,0.9840221318879856,0,0,1,0,0,0,0,0,0,0,0,0,0,0,0,1,0,0,0,0,0,0,0,0,0,0,0,158
2017-06-30,48.80038456842002,0.4318580309229052,0.07680501825465479,0.6582914572864322,0.894184938036225,0.38333320053861536,0.6363636363636364,0.478442280945758,0.6372239747634073,0.6317460317460316,0,0,0.979392502258356,0,0,0,0,1,0,0,0,0,0,0,0,1,0,0,0,0,0,0,0,0,0,1,0,0,0,0,159
2017-03-26,0.0,0.5489612666702088,0.1300245977732002,0.8216080402010052,0.9599618684461392,0.1960926482188245,1.0,0.5299026425591099,0.971608832807571,0.942857142857143,0,0,0.973972448057814,0,0,0,0,0,0,1,0,0,1,0,0,0,0,0,0,0,0,0,0,0,0,0,0,0,0,0,160
2017-06-24,0.0,0.7498538866160139,0.049861509134890764,0.5452261306532666,0.8541468064823642,0.3952847251547723,0.6363636363636364,0.4228094575799721,0.6277602523659306,0.6317460317460316,0,0,0.979053748870822,0,0,0,0,0,1,0,0,0,0,0,0,1,0,0,0,0,0,0,0,0,0,0,0,0,0,0,161
2017-09-28,37.48411212712,0.4743637426279156,0.1973319565504956,0.5025125628140706,0.8245948522402288,0.3988223764411548,0.4545454545454545,0.09596662030598052,0.4258675078864356,0.42857142857142827,0,0,0.984473803071364,0,0,0,1,0,0,0,0,0,0,0,0,0,0,0,1,0,0,0,0,1,0,0,0,0,0,0,163
2017-09-07,27.03595767821,0.4402529089846449,0.2512557383891989,0.5000000000000003,0.8417540514775977,0.3948385349024357,0.6363636363636364,0.09040333796940196,0.5583596214511044,0.5365079365079367,0,0,0.9832881662149956,0,0,0,1,0,0,0,0,0,0,0,0,0,0,0,1,0,0,0,0,0,0,0,0,0,0,0,164
2017-10-08,0.0,0.7033101322990276,0.2036143732178887,0.4597989949748746,0.8045757864632983,0.3997067892627503,0.4545454545454545,0.5396383866481224,0.4321766561514197,0.4317460317460319,0,0,0.9850383920505872,0,0,0,0,0,0,1,0,0,0,0,0,0,0,0,0,1,0,0,0,0,0,0,0,0,0,0,166
2017-05-10,34.191870924683336,0.904415280803358,0.0015959850706718155,0.7035175879396985,0.907530981887512,0.19741528360967905,0.7272727272727273,0.12656467315716272,0.7602523659305994,0.7714285714285712,0,1,0.9765130984643181,0,0,1,0,0,0,0,0,0,0,0,1,0,0,0,0,0,0,0,0,0,0,0,0,0,0,0,167
2017-04-17,29.92788239051333,0.3901493013123638,0.1838035850422015,0.7889447236180904,0.94184938036225,0.19564645796648789,0.9090909090909092,0.14047287899860916,0.9022082018927448,0.8984126984126983,0,0,0.9752145438121048,1,0,0,0,0,0,0,0,0,0,1,0,0,0,0,0,0,0,0,0,0,0,0,0,0,1,1,168
2017-01-21,0.0,0.5058711014292546,0.17858730091933514,0.9120603015075378,0.9818875119161108,0.006190889751169213,1.0,0.5897079276773296,0.9842271293375398,0.984126984126984,0,0,0.9703590785907859,0,0,0,0,0,1,0,1,0,0,0,0,0,0,0,0,0,0,0,0,0,0,0,0,0,0,0,171
2017-05-25,37.51009668795667,0.6195738802401572,0.0766961028753941,0.6658291457286432,0.8817921830314586,0.1987458866836113,0.7272727272727273,0.12517385257301808,0.7097791798107255,0.7174603174603172,0,0,0.9773599819331528,0,0,0,1,0,0,0,0,0,0,0,1,0,0,0,0,0,0,0,0,0,1,0,0,0,1,0,173
2018-01-03,0.0,0.6523032782530153,0.4362996075913943,0.1809045226130655,0.0,0.5961340801708271,0.18181818181818185,0.2739916550764951,0.1861198738170347,0.1936507936507935,1,0,0.9899503161698284,0,0,1,0,0,0,0,1,0,0,0,0,0,0,0,0,0,0,0,0,0,0,0,0,0,0,0,174
2017-06-25,0.0,0.7498538866160139,0.049861509134890764,0.5452261306532666,0.8541468064823642,0.3952847251547723,0.6363636363636364,0.4228094575799721,0.6277602523659306,0.6317460317460316,0,0,0.9791102077687444,0,0,0,0,0,0,1,0,0,0,0,0,1,0,0,0,0,0,0,0,0,0,0,0,0,0,0,175
2017-01-11,23.712472909633338,0.28186600074384993,0.2184628711769913,0.8793969849246235,0.9752144899904672,0.010174731289888174,1.0,0.1376912378303199,0.993690851735016,0.9873015873015876,0,0,0.9697944896115628,0,0,1,0,0,0,0,1,0,0,0,0,0,0,0,0,0,0,0,0,0,0,0,0,0,0,0,176
2017-03-02,21.961394831303334,0.32235269114287235,0.17411839541859478,0.849246231155779,0.9723546234509056,0.0017688256431912163,1.0,0.15438108484005564,0.993690851735016,0.9968253968253971,0,0,0.9726174345076783,0,0,0,1,0,0,0,0,0,1,0,0,0,0,0,0,0,0,0,0,0,0,0,0,0,0,0,177
2017-03-31,38.198013429073335,0.5379097816269062,0.039152446323215184,0.8417085427135681,0.9704480457578646,0.19210880668010555,0.9090909090909092,0.5062586926286509,0.914826498422713,0.9142857142857144,0,0,0.9742547425474256,0,0,0,0,1,0,0,0,0,1,0,0,0,0,0,0,0,0,0,0,0,0,1,0,0,0,0,179
2017-12-03,0.0,0.4557674937569736,0.3455059496349576,0.4371859296482416,0.8007626310772165,0.3999298843889186,0.3636363636363637,0.37134909596662025,0.3123028391167194,0.3047619047619048,0,0,0.9882000903342368,0,0,0,0,0,0,1,0,0,0,0,0,0,0,0,0,0,0,1,0,0,0,0,0,0,0,0,180
2017-06-27,30.773056827736664,0.414218160565326,0.056480092815709135,0.6482412060301511,0.8751191611058149,0.3948385349024357,0.6363636363636364,0.1223922114047288,0.6246056782334385,0.6285714285714286,0,0,0.979223125564589,0,1,0,0,0,0,0,0,0,0,0,0,1,0,0,0,0,0,0,0,0,0,0,0,0,0,0,183
2017-11-02,27.816198653043326,0.4432814409436268,0.28350745098237795,0.4422110552763821,0.7979027645376549,0.4010373923366823,0.3636363636363637,0.08484005563282337,0.31545741324921145,0.3206349206349206,0,0,0.986449864498645,0,0,0,1,0,0,0,0,0,0,0,0,0,0,0,0,0,1,0,0,0,0,0,0,0,0,0,184
2017-10-04,28.72115628908334,0.7117581425003985,0.19340523797195472,0.3819095477386936,0.8045757864632983,0.3983841538718956,0.4545454545454545,0.09596662030598052,0.4353312302839118,0.4412698412698413,0,0,0.984812556458898,0,0,1,0,0,0,0,0,0,0,0,0,0,0,0,0,1,0,0,0,0,0,0,0,0,0,0,185
2017-03-14,28.38755981519667,0.5510334201158281,0.16913235039752264,0.8919597989949749,0.9752144899904672,0.005043543388018156,1.0,0.15716272600834494,0.9810725552050478,0.9873015873015876,0,0,0.9732949412827462,0,1,0,0,0,0,0,0,0,1,0,0,0,0,0,0,0,0,0,0,0,0,0,0,0,0,0,187
2017-03-10,25.55798460293,0.4858402847882685,0.16937558054667204,0.8668341708542715,0.9685414680648236,0.0010597018492991962,1.0,0.5730180806675939,0.9810725552050478,0.9873015873015876,0,0,0.9730691056910568,0,0,0,0,1,0,0,0,0,1,0,0,0,0,0,0,0,0,0,0,0,0,0,0,0,0,0,188
2017-02-07,24.13164943006333,0.5404069921895756,0.05295026670646842,0.8618090452261309,0.9561487130600572,0.005752667181910177,1.0,0.16272600834492348,0.9842271293375398,0.9904761904761908,0,0,0.9713188798554652,0,1,0,0,0,0,0,0,1,0,0,0,0,0,0,0,0,0,0,0,0,0,0,0,0,0,0,189
2017-02-24,0.0,0.5685670261941449,0.1909934878914402,0.9296482412060304,0.9876072449952334,0.002207048212450253,1.0,1.0,1.0,1.0,1,0,0.9722786811201444,0,0,0,0,1,0,0,0,1,0,0,0,0,0,0,0,0,0,0,0,0,0,0,0,0,0,0,191
2017-06-23,31.810317225786672,0.7498538866160139,0.049861509134890764,0.5452261306532666,0.8541468064823642,0.3952847251547723,0.6363636363636364,0.4228094575799721,0.6277602523659306,0.6317460317460316,0,0,0.9789972899728996,0,0,0,0,1,0,0,0,0,0,0,0,1,0,0,0,0,0,0,0,0,0,0,0,0,0,0,192
2017-09-01,30.60975065591667,0.4955103342011583,0.2400228808075221,0.5804020100502513,0.8512869399428026,0.3944003123331766,0.6363636363636364,0.5563282336578581,0.5615141955835965,0.5746031746031746,0,0,0.9829494128274616,0,0,0,0,1,0,0,0,0,0,0,0,0,0,0,1,0,0,0,0,0,0,0,0,0,0,0,193
2017-05-28,0.0,0.3368577652622071,0.07652336513074577,0.6532663316582916,0.8836987607244995,0.1987458866836113,0.7272727272727273,0.6606397774687065,0.7097791798107255,0.7142857142857141,0,0,0.9775293586269196,0,0,0,0,0,0,1,0,0,0,0,1,0,0,0,0,0,0,0,0,0,0,0,0,0,0,0,194
2017-08-11,27.47808281008667,0.6194144838212634,0.17501007464300272,0.4723618090452262,0.8274547187797903,0.3961691379763677,0.6363636363636364,0.4255910987482614,0.6246056782334385,0.6412698412698415,0,0,0.981763775971093,0,0,0,0,1,0,0,0,0,0,0,0,0,0,1,0,0,0,0,0,0,0,0,0,0,0,0,195
2017-02-16,21.704504161520003,0.4188937888528772,0.1933147029133373,0.9849246231155782,1.0,0.0044220641079780855,1.0,0.16411682892906812,0.9905362776025238,0.9968253968253971,0,0,0.971827009936766,0,0,0,1,0,0,0,0,1,0,0,0,0,0,0,0,0,0,0,0,0,0,0,0,0,0,0,196
2017-03-16,24.923093623983334,0.3917432655013017,0.2078225142050166,0.8718592964824121,0.9733079122974262,0.1953835244249324,1.0,0.14881780250347704,0.9810725552050478,0.984126984126984,0,0,0.9734078590785908,0,0,0,1,0,0,0,0,0,1,0,0,0,0,0,0,0,0,0,0,0,0,0,0,0,0,0,198
2017-04-23,0.0,0.46352478614313797,0.19470066900965566,0.7738693467336687,0.9380362249761678,0.19829969643127468,0.9090909090909092,0.5076495132127956,0.8927444794952681,0.876190476190476,0,0,0.9755532971996388,0,0,0,0,0,0,1,0,0,0,1,0,0,0,0,0,0,0,0,0,0,0,0,0,0,0,0,202
2017-07-04,27.392345864213336,0.4893470060039317,0.07784463924238626,0.6407035175879398,0.8808388941849379,0.3913008836160533,0.6363636363636364,0.29624478442280944,0.6246056782334385,0.6317460317460316,0,0,0.9796183378500452,0,1,0,0,0,0,0,0,0,0,0,0,0,1,0,0,0,0,0,0,0,0,0,0,0,0,0,203
2017-07-21,34.11648286716666,0.6655331810211997,0.11425247539127525,0.6256281407035179,0.8808388941849379,0.39705355079796345,0.6363636363636364,0.4659248956884562,0.6277602523659306,0.6317460317460316,0,0,0.9805781391147244,0,0,0,0,1,0,0,0,0,0,0,0,0,1,0,0,0,0,0,0,0,0,0,0,0,0,0,204
2017-09-04,25.950189872550002,0.505977365708517,0.2690143049030819,0.6206030150753769,0.8627264061010487,0.3957229477240313,0.6363636363636364,0.5563282336578581,0.5583596214511044,0.5650793650793653,0,0,0.9831187895212286,1,0,0,0,0,0,0,0,0,0,0,0,0,0,0,1,0,0,0,0,0,0,0,0,0,0,0,205
2017-09-27,31.124483004396662,0.4555018330588172,0.16997352071377098,0.4371859296482416,0.8026692087702574,0.39793796361955897,0.4545454545454545,0.08205841446453407,0.43848580441640383,0.43809523809523815,0,0,0.9844173441734416,0,0,1,0,0,0,0,0,0,0,0,0,0,0,0,1,0,0,0,0,0,0,0,0,0,0,0,207
2017-12-28,69.02044490761,0.7603209181233729,0.4283177241156879,0.1809045226130655,0.7454718779790277,0.6031058028635853,0.18181818181818185,0.0,0.19558359621451116,0.1936507936507935,0,0,0.9896115627822945,0,0,0,1,0,0,0,0,0,0,0,0,0,0,0,0,0,0,1,0,1,0,0,0,0,0,0,208
2017-11-16,35.03061717545666,0.38696137293448796,0.4098020356941626,0.3819095477386936,0.7912297426120115,0.4001529795150868,0.3636363636363637,0.08762169680111265,0.3091482649842271,0.311111111111111,0,0,0.9872402890695574,0,0,0,1,0,0,0,0,0,0,0,0,0,0,0,0,0,1,0,0,0,0,0,0,0,0,0,209
2017-12-15,34.374563284720004,0.5332872854789862,0.4882466471732136,0.3592964824120605,0.7874165872259294,0.599623925358745,0.3636363636363637,0.32545201668984697,0.3091482649842271,0.2952380952380952,0,0,0.9888775971093045,0,0,0,0,1,0,0,0,0,0,0,0,0,0,0,0,0,0,1,0,0,0,0,0,0,1,1,210
2017-07-22,0.0,0.6655331810211997,0.11425247539127525,0.6256281407035179,0.8808388941849379,0.39705355079796345,0.6363636363636364,0.4659248956884562,0.6277602523659306,0.6317460317460316,0,0,0.9806345980126469,0,0,0,0,0,1,0,0,0,0,0,0,0,1,0,0,0,0,0,0,0,0,0,0,0,0,0,211
2017-07-10,28.77384523256333,0.7067105892354285,0.08389502728529613,0.5452261306532666,0.8741658722592945,0.3935079318285035,0.6363636363636364,0.11543810848400556,0.6309148264984227,0.6380952380952378,0,0,0.9799570912375791,1,0,0,0,0,0,0,0,0,0,0,0,0,1,0,0,0,0,0,0,0,0,0,0,0,0,0,212
2017-11-03,41.47094348124333,0.6652143881834122,0.28521371206113183,0.3793969849246233,0.7940896091515729,0.4014756149059414,0.3636363636363637,0.4770514603616134,0.3186119873817035,0.3206349206349206,0,1,0.9865063233965672,0,0,0,0,1,0,0,0,0,0,0,0,0,0,0,0,0,1,0,0,0,0,0,0,0,0,0,213
2017-08-21,30.45659253616,0.5561872376600605,0.20055760225516772,0.5251256281407037,0.8436606291706387,0.3961691379763677,0.6363636363636364,0.10292072322670376,0.6025236593059936,0.6190476190476192,0,0,0.9823283649503162,1,0,0,0,0,0,0,0,0,0,0,0,0,0,1,0,0,0,0,0,0,0,0,0,0,0,0,215
2017-08-29,27.568227270946668,0.3185271770894213,0.2298899171124741,0.5226130653266334,0.8369876072449951,0.3966073605456269,0.6363636363636364,0.10292072322670376,0.5615141955835965,0.5936507936507938,0,0,0.9827800361336948,0,1,0,0,0,0,0,0,0,0,0,0,0,0,1,0,0,0,0,0,0,0,0,0,0,0,0,216
2017-11-24,30.771808182576674,0.5353063067849742,0.4349512510504313,0.3768844221105528,0.7912297426120115,0.4009258447735983,0.3636363636363637,0.3630041724617524,0.31545741324921145,0.3079365079365079,0,0,0.9876919602529358,0,0,0,0,1,0,0,0,0,0,0,0,0,0,0,0,0,1,0,0,0,0,0,0,0,0,0,218
2017-04-02,0.0,0.5379097816269062,0.039152446323215184,0.8417085427135681,0.9704480457578646,0.19210880668010555,0.9090909090909092,0.5062586926286509,0.914826498422713,0.9142857142857144,0,0,0.97436766034327,0,0,0,0,0,0,1,0,0,0,1,0,0,0,0,0,0,0,0,0,0,0,0,0,0,0,0,219
2017-11-21,28.244770182090004,0.6069815631475478,0.4089747201287822,0.3793969849246233,0.7902764537654908,0.4001529795150868,0.3636363636363637,0.09040333796940196,0.31545741324921145,0.311111111111111,0,0,0.9875225835591688,0,1,0,0,0,0,0,0,0,0,0,0,0,0,0,0,0,1,0,0,0,0,0,0,0,0,0,220
2017-11-29,28.208335538096676,0.2676265873226715,0.4226436741732095,0.4547738693467336,0.8074356530028599,0.4029177655429578,0.3636363636363637,0.09179415855354657,0.3123028391167194,0.3079365079365079,0,0,0.9879742547425474,0,0,1,0,0,0,0,0,0,0,0,0,0,0,0,0,0,1,0,0,0,0,0,0,0,0,0,221
2017-09-29,40.49670082448667,0.490409648796557,0.19306558064981366,0.5075376884422113,0.8293612964728312,0.3992685666934912,0.4545454545454545,0.35326842837273986,0.4290220820189277,0.4317460317460319,0,0,0.9845302619692864,0,0,0,0,1,0,0,0,0,0,0,0,0,0,0,1,0,0,0,0,0,0,0,0,0,0,0,225
2017-12-01,27.896264130663337,0.4557674937569736,0.3455059496349576,0.4371859296482416,0.8007626310772165,0.3999298843889186,0.3636363636363637,0.37134909596662025,0.3123028391167194,0.3047619047619048,0,0,0.988087172538392,0,0,0,0,1,0,0,0,0,0,0,0,0,0,0,0,0,0,1,0,0,0,0,0,0,0,0,228
2017-07-14,37.070797642470005,0.5515116093725094,0.095862739788165,0.5728643216080403,0.8741658722592945,0.3957229477240313,0.6363636363636364,0.4645340751043115,0.6309148264984227,0.6349206349206348,0,0,0.9801829268292684,0,0,0,0,1,0,0,0,0,0,0,0,0,1,0,0,0,0,0,0,0,0,0,0,0,0,0,229
2017-08-09,29.167226039120003,0.1752297965039052,0.3277628262581971,0.5427135678391963,0.8570066730219257,0.3961691379763677,0.6363636363636364,0.11682892906815022,0.6403785488958993,0.6444444444444446,0,0,0.9816508581752484,0,0,1,0,0,0,0,0,0,0,0,0,0,0,1,0,0,0,0,0,0,0,0,0,0,0,0,231
2017-02-21,29.277050670873336,0.540725785027363,0.19478810420087134,0.9296482412060304,0.992373689227836,0.004422064107977997,1.0,0.16133518776077885,1.0,1.0,0,0,0.9721093044263776,0,1,0,0,0,0,0,0,1,0,0,0,0,0,0,0,0,0,0,0,0,0,0,0,0,0,0,233
2017-09-14,31.414405839016666,0.316614420062696,0.256219111193063,0.5376884422110553,0.8312678741658723,0.39705355079796345,0.6363636363636364,0.09179415855354657,0.5457413249211357,0.5269841269841269,0,0,0.9836833785004516,0,0,0,1,0,0,0,0,0,0,0,0,0,0,0,1,0,0,0,0,0,0,0,0,0,0,0,234
2017-01-17,36.57775950555667,0.648637160618458,0.1228520695624324,0.939698492462312,0.988560533841754,0.007521492825101304,1.0,0.15855354659248955,0.9842271293375398,0.9809523809523808,0,0,0.9701332429990966,0,1,0,0,0,0,0,1,0,0,0,0,0,0,0,0,0,0,0,0,0,0,0,0,0,0,0,235
2017-04-18,24.197953554813328,0.3816481589713617,0.17791833296987286,0.7788944723618093,0.94184938036225,0.1987458866836113,0.9090909090909092,0.1376912378303199,0.9022082018927448,0.8984126984126983,0,0,0.9752710027100272,0,1,0,0,0,0,0,0,0,0,1,0,0,0,0,0,0,0,0,0,0,0,0,0,0,0,0,237
2017-11-14,31.96201388269667,0.5580999946867861,0.3092249714184387,0.3643216080402011,0.784556720686368,0.4001529795150868,0.3636363636363637,0.08623087621696801,0.30283911671924296,0.3079365079365079,0,0,0.9871273712737128,0,1,0,0,0,0,0,0,0,0,0,0,0,0,0,0,0,1,0,0,0,0,0,0,0,0,0,241
2017-11-09,35.893460548973344,0.5739333722969023,0.3119009260371728,0.31909547738693483,0.7797902764537654,0.4005912020843459,0.3636363636363637,0.08344923504867871,0.3091482649842271,0.3174603174603175,0,0,0.9868450767841012,0,0,0,1,0,0,0,0,0,0,0,0,0,0,0,0,0,1,0,0,0,0,0,0,0,0,0,242
2017-07-27,28.78794758758333,0.4713883428085649,0.08953977046611804,0.6683417085427139,0.882745471877979,0.3957229477240313,0.6363636363636364,0.12795549374130738,0.6277602523659306,0.6317460317460316,0,0,0.9809168925022584,0,0,0,1,0,0,0,0,0,0,0,0,0,1,0,0,0,0,0,0,0,0,0,0,0,0,0,244
2017-08-12,0.0,0.6194144838212634,0.17501007464300272,0.4723618090452262,0.8274547187797903,0.3961691379763677,0.6363636363636364,0.4255910987482614,0.6246056782334385,0.6412698412698415,0,0,0.9818202348690154,0,0,0,0,0,1,0,0,0,0,0,0,0,0,1,0,0,0,0,0,0,0,0,0,0,0,0,246
2017-08-26,0.0,0.4954040699218958,0.2371918795767061,0.5175879396984924,0.8322211630123928,0.3961691379763677,0.6363636363636364,0.4200278164116829,0.5804416403785487,0.6063492063492062,0,0,0.9826106594399278,0,0,0,0,0,1,0,0,0,0,0,0,0,0,1,0,0,0,0,0,0,0,0,0,0,0,0,248
2017-07-06,27.23679553379,0.5638382657669624,0.08356389755639848,0.6407035175879398,0.882745471877979,0.3930697092592444,0.6363636363636364,0.12517385257301808,0.6277602523659306,0.6349206349206348,0,0,0.9797312556458898,0,0,0,1,0,0,0,0,0,0,0,0,0,1,0,0,0,0,0,0,0,0,0,0,0,0,0,252
2017-02-05,0.0,0.3603421709792253,0.048485620565516516,0.8768844221105532,0.9771210676835079,0.009736508720629136,1.0,0.5938803894297635,0.9842271293375398,0.984126984126984,0,0,0.9712059620596206,0,0,0,0,0,0,1,0,1,0,0,0,0,0,0,0,0,0,0,0,0,0,0,0,0,0,0,253
2017-08-24,30.300278388173336,0.5291961107273789,0.24874632769608745,0.4773869346733667,0.8293612964728312,0.3961691379763677,0.6363636363636364,0.10013908205841447,0.5867507886435334,0.6126984126984124,0,0,0.9824977416440832,0,0,0,1,0,0,0,0,0,0,0,0,0,0,1,0,0,0,0,0,0,0,0,0,0,0,0,254
2017-08-02,27.894975316679997,0.4947133521066894,0.09138256177342846,0.5603015075376884,0.8789323164918971,0.3944003123331766,0.6363636363636364,0.12100139082058416,0.6403785488958993,0.6476190476190478,0,0,0.9812556458897922,0,0,1,0,0,0,0,0,0,0,0,0,0,0,1,0,0,0,0,0,0,0,0,0,0,0,0,255
2017-06-15,30.188104106129998,0.5100685404601243,0.10831793601883738,0.7010050251256282,0.8894184938036225,0.3939541220808401,0.7272727272727273,0.12517385257301808,0.6719242902208203,0.6317460317460316,0,0,0.9785456187895212,0,0,0,1,0,0,0,0,0,0,0,0,1,0,0,0,0,0,0,0,0,0,0,0,0,1,1,256
2017-08-16,30.23585934842,0.6001806492747463,0.17846817786602565,0.5100502512562816,0.8408007626310773,0.39705355079796345,0.6363636363636364,0.1043115438108484,0.6151419558359624,0.6317460317460316,0,0,0.9820460704607046,0,0,1,0,0,0,0,0,0,0,0,0,0,0,1,0,0,0,0,0,0,0,0,0,0,0,0,257
2017-03-08,0.0,0.4703788321555709,0.1939605904569452,0.7688442211055276,0.9513822688274548,0.0017688256431912163,1.0,0.3490959666203059,0.993690851735016,0.9968253968253971,1,0,0.9729561878952124,0,0,1,0,0,0,0,0,0,1,0,0,0,0,0,0,0,0,0,0,0,0,0,0,0,0,0,263
2017-07-03,37.753452465626665,0.3607672280962754,0.08294722212200728,0.6432160804020101,0.8913250714966634,0.38333320053861536,0.6363636363636364,0.29624478442280944,0.6277602523659306,0.6317460317460316,0,0,0.9795618789521228,1,0,0,0,0,0,0,0,0,0,0,0,0,1,0,0,0,0,0,0,0,0,0,0,0,0,0,264
2017-06-22,28.462950271616663,0.7307794484883905,0.05614934465445926,0.5778894472361811,0.8684461391801716,0.3957229477240313,0.6363636363636364,0.11126564673157162,0.6277602523659306,0.6317460317460316,0,0,0.9789408310749774,0,0,0,1,0,0,0,0,0,0,0,0,1,0,0,0,0,0,0,0,0,0,0,0,0,0,0,265
2017-03-09,26.92447131980667,0.5175601721481324,0.1735529742803262,0.8718592964824121,0.9685414680648236,0.001234990877002829,1.0,0.15438108484005564,0.9842271293375398,0.9904761904761908,0,0,0.9730126467931346,0,0,0,1,0,0,0,0,0,1,0,0,0,0,0,0,0,0,0,0,0,0,0,0,0,0,0,266
2017-05-29,34.844161771740005,0.3035439137134052,0.07664328089823816,0.7035175879396985,0.8836987607244995,0.1987458866836113,0.7272727272727273,0.6606397774687065,0.7066246056782335,0.7047619047619048,0,0,0.977585817524842,1,0,0,0,0,0,0,0,0,0,0,1,0,0,0,0,0,0,0,0,1,0,0,0,0,0,0,268
2017-10-29,0.0,0.3530630678497423,0.2757234532214051,0.3391959798994977,0.7874165872259294,0.4014756149059414,0.3636363636363637,0.3699582753824756,0.3438485804416402,0.3333333333333333,0,0,0.9862240289069556,0,0,0,0,0,0,1,0,0,0,0,0,0,0,0,0,1,0,0,0,0,0,0,0,0,0,0,269
2017-12-06,27.791335497909998,0.3710217310451092,0.4360991840081201,0.4020100502512565,0.8045757864632983,0.3999298843889186,0.3636363636363637,0.09179415855354657,0.3186119873817035,0.3015873015873014,0,0,0.9883694670280035,0,0,1,0,0,0,0,0,0,0,0,0,0,0,0,0,0,0,1,0,0,0,0,0,0,0,0,271
2017-07-18,27.83176255695333,0.6066096381701291,0.10813701379603974,0.6005025125628141,0.8798856053384175,0.3957229477240313,0.6363636363636364,0.11961057023643948,0.6309148264984227,0.6349206349206348,0,0,0.9804087624209576,0,1,0,0,0,0,0,0,0,0,0,0,0,1,0,0,0,0,0,0,0,0,0,0,0,0,0,273
2017-12-19,36.53585758346,0.7143616173423304,0.4780113168645799,0.2537688442211057,0.7559580552907531,0.599623925358745,0.18181818181818185,0.051460361613351865,0.2365930599369086,0.23174603174603164,0,0,0.9891034327009935,0,1,0,0,0,0,0,0,0,0,0,0,0,0,0,0,0,0,1,0,0,0,0,0,0,0,0,274
2017-02-22,35.84709329009,0.5685670261941449,0.1909934878914402,0.9296482412060304,0.9876072449952334,0.002207048212450253,1.0,1.0,1.0,1.0,0,1,0.9721657633243,0,0,1,0,0,0,0,0,1,0,0,0,0,0,0,0,0,0,0,0,0,0,0,0,0,0,0,275
2017-01-31,32.5917635896,0.2579034057701504,0.15132992135148354,0.9472361809045228,0.9866539561487131,0.007521492825101304,1.0,0.172461752433936,0.9810725552050478,0.984126984126984,0,0,0.970923667570009,0,1,0,0,0,0,0,1,0,0,0,0,0,0,0,0,0,0,0,0,0,0,1,0,1,0,0,277
2017-03-28,65.5074433091,0.3622017958663195,0.12928040183936074,0.8366834170854275,0.9590085795996188,0.19476204514489232,0.9090909090909092,0.1418636995827538,0.9274447949526818,0.9174603174603176,0,0,0.9740853658536586,0,1,0,0,0,0,0,0,0,1,0,0,0,0,0,0,0,0,0,1,1,0,0,0,0,0,0,279
2017-04-05,25.726783774770002,0.6452898358216886,0.033378961034894544,0.7236180904522613,0.9485224022878932,0.1996302995052069,0.9090909090909092,0.13351877607788595,0.914826498422713,0.9142857142857144,0,0,0.9745370370370372,0,0,1,0,0,0,0,0,0,0,1,0,0,0,0,0,0,0,0,0,0,0,0,0,0,0,0,280
2017-04-26,34.21328241713334,0.12411667817863033,0.20933524358126532,0.7889447236180904,0.9332697807435651,0.19896898180977945,0.9090909090909092,0.13351877607788595,0.8643533123028392,0.8349206349206351,0,0,0.9757226738934056,0,0,1,0,0,0,0,0,0,0,1,0,0,0,0,0,0,0,0,0,0,0,0,0,0,0,0,282
2017-05-08,0.0,0.6930556293501938,0.0,0.7412060301507539,0.9142040038131554,0.19697706104042,0.7272727272727273,0.8831710709318498,0.7981072555205051,0.7968253968253967,1,0,0.9764001806684732,1,0,0,0,0,0,0,0,0,0,0,1,0,0,0,0,0,0,0,0,0,0,0,0,0,0,0,283
2017-08-20,0.0,0.6832261835184101,0.1985682564343538,0.5150753768844222,0.8436606291706387,0.3957229477240313,0.6363636363636364,0.4130737134909597,0.6151419558359624,0.6253968253968254,0,0,0.982271906052394,0,0,0,0,0,0,1,0,0,0,0,0,0,0,1,0,0,0,0,0,0,0,0,0,0,0,0,284
2017-04-30,0.0,0.4160777854524202,0.06419636084026603,0.8140703517587944,0.9342230695900858,0.19829969643127468,0.9090909090909092,0.7148817802503477,0.8611987381703471,0.8349206349206351,0,0,0.9759485094850948,0,0,0,0,0,0,1,0,0,0,1,0,0,0,0,0,0,0,0,0,0,0,0,0,0,0,0,285
2017-02-03,24.82895741566334,0.3603421709792253,0.048485620565516516,0.8768844221105532,0.9771210676835079,0.009736508720629136,1.0,0.5938803894297635,0.9842271293375398,0.984126984126984,0,0,0.971093044263776,0,0,0,0,1,0,0,0,1,0,0,0,0,0,0,0,0,0,0,0,0,0,0,0,0,0,0,287
2017-05-07,0.0,0.6930556293501938,0.0,0.7412060301507539,0.9142040038131554,0.19697706104042,0.7272727272727273,0.8831710709318498,0.7981072555205051,0.7968253968253967,0,0,0.9763437217705512,0,0,0,0,0,0,1,0,0,0,0,1,0,0,0,0,0,0,0,0,0,0,0,0,0,0,0,289
2017-02-23,0.0,0.5685670261941449,0.1909934878914402,0.9296482412060304,0.9876072449952334,0.002207048212450253,1.0,1.0,1.0,1.0,1,0,0.9722222222222222,0,0,0,1,0,0,0,0,1,0,0,0,0,0,0,0,0,0,0,0,0,0,0,0,0,0,0,291
2017-12-02,0.0,0.4557674937569736,0.3455059496349576,0.4371859296482416,0.8007626310772165,0.3999298843889186,0.3636363636363637,0.37134909596662025,0.3123028391167194,0.3047619047619048,0,0,0.9881436314363145,0,0,0,0,0,1,0,0,0,0,0,0,0,0,0,0,0,0,1,0,0,0,0,0,0,0,0,292
2017-04-24,31.64677203849,0.4776579352850539,0.19331936750388354,0.7663316582914573,0.9332697807435651,0.1960926482188245,0.9090909090909092,0.13351877607788595,0.8832807570977921,0.8571428571428573,0,0,0.975609756097561,1,0,0,0,0,0,0,0,0,0,1,0,0,0,0,0,0,0,0,0,0,0,0,0,0,0,0,294
2017-05-06,0.0,0.6930556293501938,0.0,0.7412060301507539,0.9142040038131554,0.19697706104042,0.7272727272727273,0.8831710709318498,0.7981072555205051,0.7968253968253967,0,0,0.9762872628726288,0,0,0,0,0,1,0,0,0,0,0,1,0,0,0,0,0,0,0,0,0,0,0,0,0,0,0,295
2017-10-03,29.902853810553328,0.6679241273046066,0.19478497475458229,0.4396984924623119,0.8188751191611058,0.39793796361955897,0.4545454545454545,0.09457579972183587,0.4321766561514197,0.43809523809523815,0,0,0.9847560975609756,0,1,0,0,0,0,0,0,0,0,0,0,0,0,0,0,1,0,0,0,0,0,0,0,0,0,0,297
2017-06-03,0.0,0.35869507465065625,0.1070135544098029,0.6859296482412061,0.8865586272640611,0.1996302995052069,0.7272727272727273,0.4951321279554937,0.7066246056782335,0.6888888888888887,0,0,0.9778681120144534,0,0,0,0,0,1,0,0,0,0,0,0,1,0,0,0,0,0,0,0,0,0,0,0,0,0,0,298
2017-01-13,24.699353323630003,0.7673343605546995,0.1107785001372623,0.9020100502512566,0.9790276453765492,0.009736508720629136,1.0,0.7538247566063977,0.9905362776025238,0.984126984126984,0,0,0.9699074074074074,0,0,0,0,1,0,0,1,0,0,0,0,0,0,0,0,0,0,0,0,0,0,0,0,0,0,0,299
2017-09-08,27.32578980467,0.4180436746187768,0.25587811394732185,0.4899497487437187,0.8293612964728312,0.3957229477240313,0.6363636363636364,0.3546592489568845,0.5583596214511044,0.5365079365079367,0,0,0.9833446251129178,0,0,0,0,1,0,0,0,0,0,0,0,0,0,0,1,0,0,0,0,0,0,0,0,0,0,0,300
2017-11-27,45.81157491919999,0.4535890760320918,0.4295109837604602,0.3919597989949748,0.7940896091515729,0.4009258447735983,0.3636363636363637,0.08901251738525731,0.31545741324921145,0.3079365079365079,0,0,0.9878613369467028,1,0,0,0,0,0,0,0,0,0,0,0,0,0,0,0,0,1,0,0,0,1,0,0,0,1,0,302
2017-11-05,0.0,0.6652143881834122,0.28521371206113183,0.3793969849246233,0.7940896091515729,0.4014756149059414,0.3636363636363637,0.4770514603616134,0.3186119873817035,0.3206349206349206,0,0,0.986619241192412,0,0,0,0,0,0,1,0,0,0,0,0,0,0,0,0,0,1,0,0,0,0,0,0,0,0,0,304
2017-07-29,0.0,0.4547048509643482,0.08767244051380338,0.6783919597989951,0.8875119161105816,0.3966073605456269,0.6363636363636364,0.4867872044506259,0.6277602523659306,0.6317460317460316,0,0,0.9810298102981031,0,0,0,0,0,1,0,0,0,0,0,0,0,1,0,0,0,0,0,0,0,0,0,0,0,0,0,305
2017-05-23,50.59550583550666,0.4663939216832261,0.12407960817983665,0.6331658291457288,0.8817921830314586,0.1991920769359478,0.7272727272727273,0.12378303198887344,0.7160883280757101,0.7269841269841271,0,0,0.977247064137308,0,1,0,0,0,0,0,0,0,0,0,1,0,0,0,0,0,0,0,0,0,0,0,0,0,0,0,307
2017-06-29,38.972182068026655,0.4002975399819351,0.0764394320798007,0.6733668341708545,0.8846520495710201,0.392623519006908,0.6363636363636364,0.12517385257301808,0.6246056782334385,0.6253968253968254,0,0,0.9793360433604336,0,0,0,1,0,0,0,0,0,0,0,0,1,0,0,0,0,0,0,0,0,0,0,0,0,0,0,308
2017-03-12,0.0,0.4858402847882685,0.16937558054667204,0.8668341708542715,0.9685414680648236,0.0010597018492991962,1.0,0.5730180806675939,0.9810725552050478,0.9873015873015876,0,0,0.9731820234869016,0,0,0,0,0,0,1,0,0,1,0,0,0,0,0,0,0,0,0,0,0,0,0,0,0,0,0,310
2017-12-25,95.24970482978668,0.6423144360023377,0.4939378114599535,0.34422110552763824,0.7607244995233556,0.6006198857434246,0.18181818181818185,0.3963838664812239,0.20504731861198727,0.20317460317460312,0,0,0.9894421860885276,1,0,0,0,0,0,0,0,0,0,0,0,0,0,0,0,0,0,1,0,0,1,0,0,0,1,0,312
2017-08-05,0.0,0.5236172360660963,0.14419427505544066,0.4698492462311559,0.8789323164918971,0.3944003123331766,0.6363636363636364,0.12100139082058416,0.6403785488958993,0.653968253968254,0,0,0.9814250225835592,0,0,0,0,0,1,0,0,0,0,0,0,0,0,1,0,0,0,0,0,0,0,0,0,0,0,0,314
2017-02-25,0.0,0.5685670261941449,0.1909934878914402,0.9296482412060304,0.9876072449952334,0.002207048212450253,1.0,1.0,1.0,1.0,1,0,0.9723351400180668,0,0,0,0,0,1,0,0,1,0,0,0,0,0,0,0,0,0,0,0,0,0,0,0,0,0,0,315
2017-04-22,0.0,0.46352478614313797,0.19470066900965566,0.7738693467336687,0.9380362249761678,0.19829969643127468,0.9090909090909092,0.5076495132127956,0.8927444794952681,0.876190476190476,0,0,0.9754968383017164,0,0,0,0,0,1,0,0,0,0,1,0,0,0,0,0,0,0,0,0,0,0,0,0,0,0,0,316
2017-08-07,31.4921531457,0.39997874714414733,0.1841364540096795,0.4447236180904524,0.8217349857006672,0.3957229477240313,0.6363636363636364,0.10848400556328233,0.6403785488958993,0.6476190476190478,0,0,0.9815379403794038,1,0,0,0,0,0,0,0,0,0,0,0,0,0,1,0,0,0,0,0,0,0,0,0,0,0,0,320
2017-06-07,26.253185986156662,0.7356144731948356,0.1080629186830508,0.6708542713567842,0.894184938036225,0.1996302995052069,0.7272727272727273,0.12656467315716272,0.7034700315457414,0.6857142857142856,0,0,0.9780939476061428,0,0,1,0,0,0,0,0,0,0,0,0,1,0,0,0,0,0,0,0,0,0,0,0,0,0,0,321
2017-08-28,35.122263817280015,0.26241963763880777,0.22677987161561955,0.5301507537688444,0.8341277407054337,0.3961691379763677,0.6363636363636364,0.10292072322670376,0.5678233438485806,0.6,0,0,0.9827235772357724,1,0,0,0,0,0,0,0,0,0,0,0,0,0,1,0,0,0,0,0,1,0,0,0,0,0,0,322
2018-01-05,0.0,0.6523032782530153,0.4362996075913943,0.1809045226130655,0.0,0.5961340801708271,0.18181818181818185,0.2739916550764951,0.1861198738170347,0.1936507936507935,1,0,0.990063233965673,0,0,0,0,1,0,0,1,0,0,0,0,0,0,0,0,0,0,0,0,0,0,0,0,0,0,0,325
2017-10-16,31.884942021136666,0.5016736623983847,0.34573302379579784,0.4346733668341708,0.8102955195424213,0.4014756149059414,0.4545454545454545,0.08762169680111265,0.3848580441640379,0.39682539682539664,0,0,0.9854900632339656,1,0,0,0,0,0,0,0,0,0,0,0,0,0,0,0,1,0,0,0,0,0,0,0,0,1,1,326
2017-02-08,22.923018361529998,0.4880718346527815,0.1192505205669739,0.9472361809045228,0.9837940896091516,0.0048682543603145246,1.0,0.16689847009735745,0.9842271293375398,0.9904761904761908,0,0,0.9713753387533876,0,0,1,0,0,0,0,0,1,0,0,0,0,0,0,0,0,0,0,0,0,0,0,0,0,0,0,327
2017-11-12,0.0,0.6210084480102013,0.3001914224320431,0.341708542713568,0.7816968541468065,0.4005912020843459,0.3636363636363637,0.3630041724617524,0.30283911671924296,0.311111111111111,0,0,0.987014453477868,0,0,0,0,0,0,1,0,0,0,0,0,0,0,0,0,0,1,0,0,0,0,0,0,0,0,0,329
2017-05-31,35.62662279319335,0.3441368683916901,0.0770445037166567,0.6733668341708545,0.8836987607244995,0.19786147386201566,0.7272727272727273,0.12795549374130738,0.7066246056782335,0.6984126984126986,0,0,0.9776987353206864,0,0,1,0,0,0,0,0,0,0,0,1,0,0,0,0,0,0,0,0,0,0,1,0,0,0,0,330
2017-09-24,0.0,0.7438499548376813,0.1885105857972352,0.3819095477386936,0.7979027645376549,0.39705355079796345,0.4545454545454545,0.32127955493741306,0.4921135646687698,0.4666666666666667,0,0,0.9842479674796748,0,0,0,0,0,0,1,0,0,0,0,0,0,0,0,1,0,0,0,0,0,0,0,0,0,0,0,334
2017-05-03,25.730810938289995,0.4342489772063121,0.06161827980211858,0.7361809045226133,0.9046711153479504,0.19653087078808354,0.7272727272727273,0.13630041724617525,0.8075709779179812,0.8126984126984127,0,0,0.9761178861788616,0,0,1,0,0,0,0,0,0,0,0,1,0,0,0,0,0,0,0,0,0,0,0,0,0,0,0,336
2017-04-15,0.0,0.4171404282450455,0.1748698056430761,0.7914572864321607,0.9466158245948522,0.19564645796648789,0.9090909090909092,0.5257301808066759,0.9022082018927448,0.9015873015873014,0,0,0.9751016260162602,0,0,0,0,0,1,0,0,0,0,1,0,0,0,0,0,0,0,0,0,0,0,0,0,0,0,0,339
2017-03-29,27.812423631166663,0.2988151532862229,0.12368298487841205,0.8366834170854275,0.9656816015252622,0.19520823539722884,0.9090909090909092,0.14603616133518774,0.9179810725552052,0.9142857142857144,0,0,0.9741418247515808,0,0,1,0,0,0,0,0,0,1,0,0,0,0,0,0,0,0,0,0,0,0,0,0,0,0,0,340
2017-12-09,0.0,0.5904043355825939,0.3834133259341944,0.4070351758793971,0.8007626310772165,0.3999298843889186,0.3636363636363637,0.368567454798331,0.3217665615141955,0.3015873015873014,0,0,0.9885388437217706,0,0,0,0,0,1,0,0,0,0,0,0,0,0,0,0,0,0,1,0,0,0,0,0,0,0,0,343
2017-06-16,25.52030150799999,0.43037033101322986,0.1078305321540298,0.7035175879396985,0.8922783603431839,0.3957229477240313,0.7272727272727273,0.4840055632823366,0.6656151419558363,0.6253968253968254,0,0,0.9786020776874436,0,0,0,0,1,0,0,0,0,0,0,0,1,0,0,0,0,0,0,0,0,0,0,0,0,0,0,344
2017-09-26,33.416637638640005,0.5151160937250943,0.17874192455332705,0.3793969849246233,0.7959961868446138,0.3966073605456269,0.4545454545454545,0.07093184979137691,0.4416403785488959,0.43809523809523815,0,0,0.9843608852755196,0,1,0,0,0,0,0,0,0,0,0,0,0,0,0,1,0,0,0,0,0,0,0,0,0,0,0,347
2017-07-01,0.0,0.4318580309229052,0.07680501825465479,0.6582914572864322,0.894184938036225,0.38333320053861536,0.6363636363636364,0.478442280945758,0.6372239747634073,0.6317460317460316,0,0,0.9794489611562782,0,0,0,0,0,1,0,0,0,0,0,0,0,1,0,0,0,0,0,0,0,0,0,0,0,0,0,348
2017-08-30,31.16969172580333,0.4496572976993783,0.22672545829432034,0.5251256281407037,0.8388941849380362,0.3961691379763677,0.6363636363636364,0.10292072322670376,0.5615141955835965,0.5904761904761907,0,0,0.9828364950316172,0,0,1,0,0,0,0,0,0,0,0,0,0,0,1,0,0,0,0,0,0,0,0,0,0,0,0,349
2017-10-15,0.0,0.4629934647468254,0.3457456332755053,0.4246231155778896,0.8083889418493804,0.4014756149059414,0.4545454545454545,0.39360222531293454,0.3880126182965299,0.3999999999999997,0,0,0.9854336043360432,0,0,0,0,0,0,1,0,0,0,0,0,0,0,0,0,1,0,0,0,0,0,0,0,0,0,0,350
2017-10-19,32.47437071013667,0.6053875989586099,0.3423365659320485,0.3467336683417085,0.7826501429933271,0.4019218051582781,0.4545454545454545,0.08901251738525731,0.36593059936908506,0.36507936507936495,0,0,0.9856594399277326,0,0,0,1,0,0,0,0,0,0,0,0,0,0,0,0,1,0,0,0,0,0,0,0,0,0,0,351
2017-10-28,0.0,0.3530630678497423,0.2757234532214051,0.3391959798994977,0.7874165872259294,0.4014756149059414,0.3636363636363637,0.3699582753824756,0.3438485804416402,0.3333333333333333,0,0,0.9861675700090334,0,0,0,0,0,1,0,0,0,0,0,0,0,0,0,0,1,0,0,0,0,0,0,0,0,0,0,353
2017-09-15,27.18604827453667,0.12443547101641785,0.35301666805505033,0.5577889447236181,0.8408007626310773,0.39705355079796345,0.6363636363636364,0.3755215577190542,0.5362776025236595,0.5238095238095237,0,0,0.9837398373983741,0,0,0,0,1,0,0,0,0,0,0,0,0,0,0,1,0,0,0,0,0,0,0,0,0,1,1,354
2017-07-23,0.0,0.6655331810211997,0.11425247539127525,0.6256281407035179,0.8808388941849379,0.39705355079796345,0.6363636363636364,0.4659248956884562,0.6277602523659306,0.6317460317460316,0,0,0.9806910569105692,0,0,0,0,0,0,1,0,0,0,0,0,0,1,0,0,0,0,0,0,0,0,0,0,0,0,0,355
2017-04-13,23.491878468090004,0.5227139896923648,0.17278956390121827,0.7713567839195979,0.9437559580552908,0.19564645796648789,0.9090909090909092,0.1376912378303199,0.9022082018927448,0.9079365079365082,0,0,0.9749887082204156,0,0,0,1,0,0,0,0,0,0,1,0,0,0,0,0,0,0,0,0,0,0,0,0,0,0,0,356
2017-06-01,25.12888849787333,0.2713989692364911,0.1210310364847087,0.6834170854271356,0.8865586272640611,0.1996302995052069,0.7272727272727273,0.12795549374130738,0.7066246056782335,0.6952380952380954,0,0,0.9777551942186088,0,0,0,1,0,0,0,0,0,0,0,0,1,0,0,0,0,0,0,0,0,0,0,0,0,0,0,357
2017-12-13,31.13014318333333,0.6610700812921736,0.5543591638352597,0.3768844221105528,0.7855100095328885,0.3999298843889186,0.3636363636363637,0.07093184979137691,0.32807570977917994,0.3047619047619048,0,0,0.9887646793134598,0,0,1,0,0,0,0,0,0,0,0,0,0,0,0,0,0,0,1,0,0,0,0,0,0,0,0,358
2017-12-23,0.0,0.753094947133521,0.4464316691303761,0.2688442211055277,0.7521448999046708,0.6006198857434246,0.18181818181818185,0.3963838664812239,0.2082018927444796,0.20317460317460312,0,0,0.9893292682926829,0,0,0,0,0,1,0,0,0,0,0,0,0,0,0,0,0,0,1,0,0,0,0,0,0,0,0,361
2017-02-13,32.7320566523,0.44615057648371503,0.1480892732351115,0.939698492462312,0.9933269780743564,0.0053064769295735606,1.0,0.16411682892906812,0.9905362776025238,0.9968253968253971,0,0,0.9716576332429993,1,0,0,0,0,0,0,0,1,0,0,0,0,0,0,0,0,0,0,0,0,0,0,0,0,0,0,362
2017-05-15,32.34898512192334,0.7200998884225067,0.0478393011701523,0.6356783919597991,0.8875119161105816,0.19786147386201566,0.7272727272727273,0.12378303198887344,0.7476340694006312,0.7587301587301588,0,0,0.9767953929539296,1,0,0,0,0,0,0,0,0,0,0,1,0,0,0,0,0,0,0,0,0,0,0,0,0,1,1,363
2017-03-15,31.605756511083328,0.4405185696828012,0.1679478461034269,0.8919597989949749,0.9752144899904672,0.0048682543603145246,1.0,0.15577190542420027,0.9810725552050478,0.9873015873015876,0,0,0.9733514001806683,0,0,1,0,0,0,0,0,0,1,0,0,0,0,0,0,0,0,0,0,0,0,0,0,0,1,1,364
2017-05-14,0.0,0.7928377875777057,0.04820126393129733,0.6331658291457288,0.8846520495710201,0.19741528360967905,0.7272727272727273,0.4700973574408902,0.7539432176656152,0.7587301587301588,0,0,0.9767389340560072,0,0,0,0,0,0,1,0,0,0,0,1,0,0,0,0,0,0,0,0,0,0,0,0,0,0,0,365
2017-06-14,38.59492114080667,0.5259019180702407,0.1328966811207548,0.6834170854271356,0.8846520495710201,0.1996302995052069,0.7272727272727273,0.12656467315716272,0.6750788643533124,0.6380952380952378,0,0,0.9784891598915988,0,0,1,0,0,0,0,0,0,0,0,0,1,0,0,0,0,0,0,0,0,0,0,0,0,0,0,366
2017-11-08,34.791593424023326,0.2053025875352001,0.5555956027398887,0.32412060301507545,0.7721639656816015,0.4005912020843459,0.3636363636363637,0.08066759388038942,0.3123028391167194,0.3174603174603175,0,0,0.9867886178861788,0,0,1,0,0,0,0,0,0,0,0,0,0,0,0,0,0,1,0,0,0,0,0,0,0,0,0,367
2018-01-04,0.0,0.6523032782530153,0.4362996075913943,0.1809045226130655,0.0,0.5961340801708271,0.18181818181818185,0.2739916550764951,0.1861198738170347,0.1936507936507935,1,0,0.9900067750677508,0,0,0,1,0,0,0,1,0,0,0,0,0,0,0,0,0,0,0,0,0,0,0,0,0,0,0,368
2017-12-30,0.0,0.6523032782530153,0.4362996075913943,0.1809045226130655,0.0,0.5961340801708271,0.18181818181818185,0.2739916550764951,0.1861198738170347,0.1936507936507935,0,0,0.9897244805781392,0,0,0,0,0,1,0,0,0,0,0,0,0,0,0,0,0,0,1,0,0,0,0,0,0,0,0,369
2017-12-26,71.70621899030333,0.4015195791934541,0.4551958254416985,0.27889447236180914,0.7607244995233556,0.6006198857434246,0.18181818181818185,0.05980528511821975,0.20504731861198727,0.20317460317460312,0,0,0.98949864498645,0,1,0,0,0,0,0,0,0,0,0,0,0,0,0,0,0,0,1,0,0,0,0,0,0,0,0,372
2017-12-31,0.0,0.6523032782530153,0.4362996075913943,0.1809045226130655,0.0,0.5961340801708271,0.18181818181818185,0.2739916550764951,0.1861198738170347,0.1936507936507935,0,0,0.9897809394760614,0,0,0,0,0,0,1,0,0,0,0,0,0,0,0,0,0,0,1,0,0,0,0,0,0,0,1,374
2017-05-11,38.69404275563333,0.7247223845704267,0.048342630307947256,0.6407035175879398,0.8903717826501429,0.19741528360967905,0.7272727272727273,0.12378303198887344,0.7539432176656152,0.7650793650793649,0,0,0.9765695573622404,0,0,0,1,0,0,0,0,0,0,0,1,0,0,0,0,0,0,0,0,0,0,0,0,0,0,0,376
2017-02-04,0.0,0.3603421709792253,0.048485620565516516,0.8768844221105532,0.9771210676835079,0.009736508720629136,1.0,0.5938803894297635,0.9842271293375398,0.984126984126984,0,0,0.9711495031616982,0,0,0,0,0,1,0,0,1,0,0,0,0,0,0,0,0,0,0,0,0,0,0,0,0,0,0,377
2017-03-25,0.0,0.5489612666702088,0.1300245977732002,0.8216080402010052,0.9599618684461392,0.1960926482188245,1.0,0.5299026425591099,0.971608832807571,0.942857142857143,0,0,0.9739159891598916,0,0,0,0,0,1,0,0,0,1,0,0,0,0,0,0,0,0,0,0,0,0,0,0,0,0,0,382
2017-08-18,23.647897183033336,0.6832261835184101,0.1985682564343538,0.5150753768844222,0.8436606291706387,0.3957229477240313,0.6363636363636364,0.4130737134909597,0.6151419558359624,0.6253968253968254,0,0,0.9821589882565492,0,0,0,0,1,0,0,0,0,0,0,0,0,0,1,0,0,0,0,0,0,0,0,0,0,0,0,384
2017-10-02,36.78589095183,0.6528877317889591,0.21628497473831376,0.4472361809045227,0.8245948522402288,0.39793796361955897,0.4545454545454545,0.08901251738525731,0.42271293375394303,0.42857142857142827,0,0,0.9846996386630532,1,0,0,0,0,0,0,0,0,0,0,0,0,0,0,0,1,0,0,0,0,0,1,0,0,0,0,385
2017-11-22,29.037857364176663,0.6250464906221772,0.404190867508452,0.3743718592964825,0.7912297426120115,0.4001529795150868,0.3636363636363637,0.2294853963838664,0.31545741324921145,0.311111111111111,0,0,0.9875790424570912,0,0,1,0,0,0,0,0,0,0,0,0,0,0,0,0,0,1,0,0,0,0,0,0,0,0,0,386
2017-04-10,29.519849867073326,0.5407789171669942,0.15464629437754127,0.7311557788944727,0.9218303145853192,0.19653087078808354,0.9090909090909092,0.1349095966620306,0.9053627760252368,0.9111111111111112,0,0,0.9748193315266486,1,0,0,0,0,0,0,0,0,0,1,0,0,0,0,0,0,0,0,0,0,0,0,0,0,0,0,388
2017-07-28,34.049860250786665,0.4547048509643482,0.08767244051380338,0.6783919597989951,0.8875119161105816,0.3966073605456269,0.6363636363636364,0.4867872044506259,0.6277602523659306,0.6317460317460316,0,0,0.9809733514001808,0,0,0,0,1,0,0,0,0,0,0,0,0,1,0,0,0,0,0,1,1,0,0,0,0,0,0,390
2017-01-27,35.31265378665,0.08857127676531536,0.15327581578667634,0.9698492462311559,0.9990467111534796,0.007521492825101304,1.0,0.6369958275382476,0.9842271293375398,0.984126984126984,0,0,0.9706978319783198,0,0,0,0,1,0,0,1,0,0,0,0,0,0,0,0,0,0,0,0,0,0,0,0,0,0,0,395
2017-05-26,28.072008857506674,0.3368577652622071,0.07652336513074577,0.6532663316582916,0.8836987607244995,0.1987458866836113,0.7272727272727273,0.6606397774687065,0.7097791798107255,0.7142857142857141,0,0,0.9774164408310748,0,0,0,0,1,0,0,0,0,0,0,1,0,0,0,0,0,0,0,0,0,0,0,0,0,0,0,396
2017-09-19,26.56561482423332,0.6314754795175602,0.2392594733863029,0.3944723618090451,0.7988560533841754,0.39705355079796345,0.4545454545454545,0.07927677329624479,0.5110410094637226,0.4952380952380952,0,0,0.9839656729900632,0,1,0,0,0,0,0,0,0,0,0,0,0,0,0,1,0,0,0,0,0,0,0,0,0,0,0,397
2017-04-14,28.368482403466658,0.4171404282450455,0.1748698056430761,0.7914572864321607,0.9466158245948522,0.19564645796648789,0.9090909090909092,0.5257301808066759,0.9022082018927448,0.9015873015873014,0,0,0.975045167118338,0,0,0,0,1,0,0,0,0,0,1,0,0,0,0,0,0,0,0,0,0,0,0,0,0,0,0,398
2017-08-23,23.86378346130667,0.6671271452101376,0.20660819143451198,0.4849246231155781,0.8417540514775977,0.3961691379763677,0.6363636363636364,0.10152990264255912,0.5867507886435334,0.6126984126984124,0,0,0.9824412827461608,0,0,1,0,0,0,0,0,0,0,0,0,0,0,1,0,0,0,0,0,0,0,0,0,0,0,0,399
2017-12-20,40.80162806021667,0.7466659582381382,0.4753893614627212,0.2587939698492463,0.7530981887511916,0.6006198857434246,0.18181818181818185,0.051460361613351865,0.21135646687697165,0.20952380952380933,0,0,0.9891598915989159,0,0,1,0,0,0,0,0,0,0,0,0,0,0,0,0,0,0,1,0,0,0,0,0,0,0,0,400
2017-12-07,28.944784505226675,0.5744115615535837,0.3834715963424132,0.4120603015075376,0.8026692087702574,0.3999298843889186,0.3636363636363637,0.08901251738525731,0.3217665615141955,0.3015873015873014,0,0,0.988425925925926,0,0,0,1,0,0,0,0,0,0,0,0,0,0,0,0,0,0,1,0,0,0,0,0,0,0,0,402
2017-12-16,0.0,0.5332872854789862,0.4882466471732136,0.3592964824120605,0.7874165872259294,0.599623925358745,0.3636363636363637,0.32545201668984697,0.3091482649842271,0.2952380952380952,0,0,0.9889340560072268,0,0,0,0,0,1,0,0,0,0,0,0,0,0,0,0,0,0,1,0,0,0,0,0,0,0,0,403
2017-04-20,26.4040708094,0.43568354497635614,0.19389785067883705,0.7889447236180904,0.9399428026692088,0.19829969643127468,0.9090909090909092,0.1349095966620306,0.9022082018927448,0.8984126984126983,0,0,0.9753839205058716,0,0,0,1,0,0,0,0,0,0,1,0,0,0,0,0,0,0,0,0,0,0,0,0,0,0,0,404
2017-08-06,0.0,0.5236172360660963,0.14419427505544066,0.4698492462311559,0.8789323164918971,0.3944003123331766,0.6363636363636364,0.12100139082058416,0.6403785488958993,0.653968253968254,0,0,0.9814814814814816,0,0,0,0,0,0,1,0,0,0,0,0,0,0,1,0,0,0,0,0,0,0,0,0,0,0,0,406
2017-07-13,23.320083249623337,0.5694702725678762,0.09528221862786818,0.5904522613065328,0.8722592945662536,0.3966073605456269,0.6363636363636364,0.12378303198887344,0.6309148264984227,0.6349206349206348,0,0,0.980126467931346,0,0,0,1,0,0,0,0,0,0,0,0,0,1,0,0,0,0,0,0,0,0,0,0,0,0,0,407
2017-02-10,24.408331019406663,0.4196376388077147,0.14874168588128447,0.9623115577889452,0.990467111534795,0.005752667181910177,1.0,0.6105702364394993,0.9873817034700318,0.9968253968253971,0,0,0.9714882565492322,0,0,0,0,1,0,0,0,1,0,0,0,0,0,0,0,0,0,0,0,0,0,0,0,0,0,0,409
2017-01-25,30.220287468716663,0.43706498060676907,0.16565857332205544,0.9447236180904526,0.9752144899904672,0.006190889751169213,1.0,0.16411682892906812,0.9842271293375398,0.9873015873015876,0,0,0.9705849141824752,0,0,1,0,0,0,0,1,0,0,0,0,0,0,0,0,0,0,0,0,0,1,0,1,0,1,0,411
2017-05-09,0.0,0.6930556293501938,0.0,0.7412060301507539,0.9142040038131554,0.19697706104042,0.7272727272727273,0.8831710709318498,0.7981072555205051,0.7968253968253967,1,0,0.9764566395663956,0,1,0,0,0,0,0,0,0,0,0,1,0,0,0,0,0,0,0,0,0,0,0,0,0,0,0,412
2017-06-12,0.0,0.3320227405557622,0.13175583230660334,0.6532663316582916,0.8836987607244995,0.1996302995052069,0.7272727272727273,0.6578581363004172,0.7003154574132493,0.6857142857142856,1,0,0.9783762420957542,1,0,0,0,0,0,0,0,0,0,0,0,1,0,0,0,0,0,0,0,0,0,0,0,0,0,0,413
2017-09-17,0.0,0.12443547101641785,0.35301666805505033,0.5577889447236181,0.8408007626310773,0.39705355079796345,0.6363636363636364,0.3755215577190542,0.5362776025236595,0.5238095238095237,0,0,0.9838527551942186,0,0,0,0,0,0,1,0,0,0,0,0,0,0,0,1,0,0,0,0,0,0,0,0,0,0,0,414
2017-02-11,0.0,0.4196376388077147,0.14874168588128447,0.9623115577889452,0.990467111534795,0.005752667181910177,1.0,0.6105702364394993,0.9873817034700318,0.9968253968253971,0,0,0.9715447154471544,0,0,0,0,0,1,0,0,1,0,0,0,0,0,0,0,0,0,0,0,0,0,0,0,0,0,0,416
2017-08-10,32.28209982610333,0.6503373890866586,0.17477402033194153,0.4949748743718593,0.8512869399428026,0.3961691379763677,0.6363636363636364,0.11126564673157162,0.6372239747634073,0.6444444444444446,0,0,0.9817073170731708,0,0,0,1,0,0,0,0,0,0,0,0,0,0,1,0,0,0,0,0,0,0,0,0,0,0,0,417
2017-11-01,44.175429981210016,0.4308485202699113,0.2897850462911215,0.4095477386934673,0.7940896091515729,0.3997067892627503,0.3636363636363637,0.08762169680111265,0.31545741324921145,0.3206349206349206,0,0,0.9863934056007226,0,0,1,0,0,0,0,0,0,0,0,0,0,0,0,0,0,1,0,0,0,0,0,0,0,0,0,419
2017-08-22,27.449321095283327,0.5848254609213113,0.19705194505483845,0.527638190954774,0.8455672068636796,0.3961691379763677,0.6363636363636364,0.10152990264255912,0.5930599369085175,0.6158730158730161,0,0,0.9823848238482384,0,1,0,0,0,0,0,0,0,0,0,0,0,0,1,0,0,0,0,0,0,0,0,0,0,0,0,420
2017-09-21,34.03783084948666,0.7402901014823866,0.1799129349589815,0.3894472361809045,0.7979027645376549,0.39705355079796345,0.4545454545454545,0.07788595271210015,0.4921135646687698,0.4698412698412698,0,0,0.984078590785908,0,0,0,1,0,0,0,0,0,0,0,0,0,0,0,1,0,0,0,0,0,0,0,0,0,0,0,421
2017-04-06,22.676957501576663,0.6553849423516286,0.061371180734494477,0.7085427135678392,0.9180171591992374,0.1987458866836113,0.9090909090909092,0.13073713490959665,0.914826498422713,0.9142857142857144,0,0,0.9745934959349594,0,0,0,1,0,0,0,0,0,0,1,0,0,0,0,0,0,0,0,0,0,0,0,0,0,0,0,422
2017-10-17,33.650643243546675,0.5722862759683333,0.3409108428531479,0.3718592964824122,0.8102955195424213,0.4014756149059414,0.4545454545454545,0.08762169680111265,0.39116719242902204,0.39682539682539664,0,0,0.985546522131888,0,1,0,0,0,0,0,0,0,0,0,0,0,0,0,0,1,0,0,0,0,0,0,0,0,0,0,423
2017-02-18,0.0,0.4812177886403485,0.19076493774411768,0.9673366834170856,0.9933269780743564,0.0044220641079780855,1.0,0.803894297635605,0.9905362776025238,0.9968253968253971,0,0,0.9719399277326106,0,0,0,0,0,1,0,0,1,0,0,0,0,0,0,0,0,0,0,0,0,0,0,0,0,0,0,424
2017-04-29,0.0,0.4160777854524202,0.06419636084026603,0.8140703517587944,0.9342230695900858,0.19829969643127468,0.9090909090909092,0.7148817802503477,0.8611987381703471,0.8349206349206351,0,0,0.9758920505871724,0,0,0,0,0,1,0,0,0,0,1,0,0,0,0,0,0,0,0,0,0,0,0,0,0,0,0,425
2017-09-22,41.04350268919667,0.7438499548376813,0.1885105857972352,0.3819095477386936,0.7979027645376549,0.39705355079796345,0.4545454545454545,0.32127955493741306,0.4921135646687698,0.4666666666666667,0,0,0.98413504968383,0,0,0,0,1,0,0,0,0,0,0,0,0,0,0,1,0,0,0,0,0,0,0,0,0,0,0,427
2017-04-28,48.87049020261,0.4160777854524202,0.06419636084026603,0.8140703517587944,0.9342230695900858,0.19829969643127468,0.9090909090909092,0.7148817802503477,0.8611987381703471,0.8349206349206351,0,1,0.9758355916892504,0,0,0,0,1,0,0,0,0,0,1,0,0,0,0,0,0,0,0,1,1,0,0,0,1,0,0,428
2017-06-21,28.16895785047667,0.6468838000106265,0.10706471109559704,0.6331658291457288,0.8770257387988559,0.3948385349024357,0.6363636363636364,0.12378303198887344,0.6277602523659306,0.6317460317460316,0,0,0.9788843721770552,0,0,1,0,0,0,0,0,0,0,0,0,1,0,0,0,0,0,0,0,0,0,0,0,0,0,0,431
2017-10-22,0.0,0.614260666277031,0.3425796659340932,0.3165829145728645,0.7778836987607245,0.4014756149059414,0.4545454545454545,0.368567454798331,0.36277602523659297,0.35873015873015873,0,0,0.9858288166214996,0,0,0,0,0,0,1,0,0,0,0,0,0,0,0,0,1,0,0,0,0,0,0,0,0,0,0,432
2017-01-23,30.88703663277667,0.5955581531268263,0.16277804224425352,0.8417085427135681,0.9752144899904672,0.00663708000350574,1.0,0.16133518776077885,0.9842271293375398,0.984126984126984,0,0,0.9704719963866304,1,0,0,0,0,0,0,1,0,0,0,0,0,0,0,0,0,0,0,0,0,0,0,0,0,0,0,433
2017-03-23,26.139308928130003,0.5585781839434674,0.12946184760846574,0.8819095477386938,0.9704480457578646,0.19564645796648789,1.0,0.14603616133518774,0.9747634069400629,0.946031746031746,0,0,0.973803071364047,0,0,0,1,0,0,0,0,0,1,0,0,0,0,0,0,0,0,0,0,0,0,0,0,0,0,0,434
2017-07-11,26.807563116383328,0.4935444450348016,0.1482506645185453,0.5050251256281411,0.8551000953288846,0.3957229477240313,0.6363636363636364,0.10709318497913768,0.6309148264984227,0.6380952380952378,0,0,0.9800135501355014,0,1,0,0,0,0,0,0,0,0,0,0,0,1,0,0,0,0,0,0,0,0,0,0,0,0,0,435
2017-05-18,29.759381699370003,0.4890282131661442,0.11933551254208866,0.6557788944723619,0.8798856053384175,0.19697706104042,0.7272727272727273,0.12517385257301808,0.7160883280757101,0.7365079365079364,0,0,0.9769647696476964,0,0,0,1,0,0,0,0,0,0,0,1,0,0,0,0,0,0,0,0,0,0,0,0,0,0,0,436
2017-08-15,32.28030926822,0.6344508793369109,0.17875615791395394,0.4673366834170856,0.8217349857006672,0.3961691379763677,0.6363636363636364,0.10292072322670376,0.6214511041009465,0.6412698412698415,0,0,0.9819896115627824,0,1,0,0,0,0,0,0,0,0,0,0,0,0,1,0,0,0,0,0,0,0,0,0,0,1,1,437
2017-02-12,0.0,0.4196376388077147,0.14874168588128447,0.9623115577889452,0.990467111534795,0.005752667181910177,1.0,0.6105702364394993,0.9873817034700318,0.9968253968253971,0,0,0.9716011743450768,0,0,0,0,0,0,1,0,1,0,0,0,0,0,0,0,0,0,0,0,0,0,0,0,0,0,0,439
2017-01-22,0.0,0.5058711014292546,0.17858730091933514,0.9120603015075378,0.9818875119161108,0.006190889751169213,1.0,0.5897079276773296,0.9842271293375398,0.984126984126984,0,0,0.9704155374887082,0,0,0,0,0,0,1,1,0,0,0,0,0,0,0,0,0,0,0,0,0,0,0,0,0,0,0,440
2017-11-18,0.0,0.4499229583975346,0.4077305936713125,0.3819095477386936,0.7883698760724499,0.4001529795150868,0.3636363636363637,0.36439499304589706,0.3123028391167194,0.311111111111111,0,0,0.9873532068654021,0,0,0,0,0,1,0,0,0,0,0,0,0,0,0,0,0,1,0,0,0,0,0,0,0,0,0,441
2017-11-23,28.322260028066665,0.5772275649540406,0.4327118748942499,0.3718592964824122,0.7902764537654908,0.4001529795150868,0.3636363636363637,0.2294853963838664,0.31545741324921145,0.311111111111111,0,0,0.9876355013550135,0,0,0,1,0,0,0,0,0,0,0,0,0,0,0,0,0,1,0,0,0,0,0,0,0,0,0,443
2017-06-19,32.78624564230333,0.4583709685989055,0.1069148644519236,0.6407035175879398,0.8770257387988559,0.3952847251547723,0.6363636363636364,0.1223922114047288,0.6403785488958993,0.6317460317460316,0,0,0.9787714543812104,1,0,0,0,0,0,0,0,0,0,0,0,1,0,0,0,0,0,0,0,0,0,0,0,0,0,0,444
2017-11-15,30.282855237916664,0.5739865044365335,0.30953856382498457,0.3793969849246233,0.786463298379409,0.4001529795150868,0.3636363636363637,0.08762169680111265,0.30283911671924296,0.3079365079365079,0,0,0.987183830171635,0,0,1,0,0,0,0,0,0,0,0,0,0,0,0,0,0,1,0,0,0,0,0,0,0,1,1,445
2017-02-01,21.776607754746667,0.3356888581903193,0.16489100710926488,0.9472361809045228,0.9876072449952334,0.008405905646696956,1.0,0.17107093184979136,0.9810725552050478,0.984126984126984,0,0,0.9709801264679312,0,0,1,0,0,0,0,0,1,0,0,0,0,0,0,0,0,0,0,0,0,0,0,0,0,0,0,446
2017-09-13,27.770547281636674,0.37261569523404703,0.2919820329437402,0.4447236180904524,0.8217349857006672,0.3957229477240313,0.6363636363636364,0.08623087621696801,0.5520504731861198,0.5301587301587299,0,0,0.9836269196025292,0,0,1,0,0,0,0,0,0,0,0,0,0,0,0,1,0,0,0,0,0,0,0,0,0,0,0,447
2017-03-04,0.0,0.35130970724191063,0.17146818330558306,0.8216080402010052,0.9656816015252622,0.0017688256431912163,1.0,0.5674547983310153,0.993690851735016,0.9968253968253971,0,0,0.972730352303523,0,0,0,0,0,1,0,0,0,1,0,0,0,0,0,0,0,0,0,0,0,0,0,0,0,0,0,448
2017-02-19,0.0,0.4812177886403485,0.19076493774411768,0.9673366834170856,0.9933269780743564,0.0044220641079780855,1.0,0.803894297635605,0.9905362776025238,0.9968253968253971,0,0,0.9719963866305329,0,0,0,0,0,0,1,0,1,0,0,0,0,0,0,0,0,0,0,0,0,0,0,0,0,0,0,449
2017-10-27,33.81881517567333,0.3530630678497423,0.2757234532214051,0.3391959798994977,0.7874165872259294,0.4014756149059414,0.3636363636363637,0.3699582753824756,0.3438485804416402,0.3333333333333333,0,0,0.9861111111111112,0,0,0,0,1,0,0,0,0,0,0,0,0,0,0,0,1,0,0,0,0,0,0,0,0,0,0,450
2017-11-07,46.86625864251666,0.6501248605281335,0.31118390422720665,0.31909547738693483,0.7740705433746424,0.4010373923366823,0.3636363636363637,0.07510431154381085,0.3123028391167194,0.3206349206349206,0,1,0.9867321589882564,0,1,0,0,0,0,0,0,0,0,0,0,0,0,0,0,0,1,0,0,0,0,0,0,0,0,0,453
2017-06-13,31.52099942300333,0.3984379150948409,0.13233139604536842,0.6532663316582916,0.8846520495710201,0.1996302995052069,0.7272727272727273,0.12656467315716272,0.6782334384858044,0.6571428571428571,0,1,0.9784327009936766,0,1,0,0,0,0,0,0,0,0,0,0,1,0,0,0,0,0,0,0,0,0,0,0,0,0,0,455
2017-10-26,34.16795198109334,0.3628393815418947,0.2717953355614892,0.3819095477386936,0.7883698760724499,0.4014756149059414,0.4545454545454545,0.09179415855354657,0.3438485804416402,0.3333333333333333,0,0,0.9860546522131888,0,0,0,1,0,0,0,0,0,0,0,0,0,0,0,0,1,0,0,0,0,0,0,0,0,0,0,456
2017-05-27,0.0,0.3368577652622071,0.07652336513074577,0.6532663316582916,0.8836987607244995,0.1987458866836113,0.7272727272727273,0.6606397774687065,0.7097791798107255,0.7142857142857141,0,0,0.9774728997289972,0,0,0,0,0,1,0,0,0,0,0,1,0,0,0,0,0,0,0,0,0,0,0,0,0,0,0,457
2017-06-04,0.0,0.35869507465065625,0.1070135544098029,0.6859296482412061,0.8865586272640611,0.1996302995052069,0.7272727272727273,0.4951321279554937,0.7066246056782335,0.6888888888888887,0,0,0.9779245709123758,0,0,0,0,0,0,1,0,0,0,0,0,1,0,0,0,0,0,0,0,0,0,0,0,0,0,0,458
2017-08-03,23.33695723103333,0.4201689602040274,0.12296362337845106,0.5452261306532666,0.8789323164918971,0.3944003123331766,0.6363636363636364,0.12100139082058416,0.6435331230283914,0.6476190476190478,0,0,0.9813121047877146,0,0,0,1,0,0,0,0,0,0,0,0,0,0,1,0,0,0,0,0,0,0,0,0,0,0,0,459
2017-09-09,0.0,0.4180436746187768,0.25587811394732185,0.4899497487437187,0.8293612964728312,0.3957229477240313,0.6363636363636364,0.3546592489568845,0.5583596214511044,0.5365079365079367,0,0,0.98340108401084,0,0,0,0,0,1,0,0,0,0,0,0,0,0,0,1,0,0,0,0,0,0,0,0,0,0,0,461
2017-10-01,0.0,0.490409648796557,0.19306558064981366,0.5075376884422113,0.8293612964728312,0.3992685666934912,0.4545454545454545,0.35326842837273986,0.4290220820189277,0.4317460317460319,0,0,0.9846431797651308,0,0,0,0,0,0,1,0,0,0,0,0,0,0,0,0,1,0,0,0,0,0,0,0,0,0,0,463
2017-04-08,0.0,0.6840762977525106,0.06551447296884125,0.7110552763819099,0.9161105815061964,0.1991920769359478,0.9090909090909092,0.5020862308762171,0.9085173501577288,0.9111111111111112,0,0,0.974706413730804,0,0,0,0,0,1,0,0,0,0,1,0,0,0,0,0,0,0,0,0,0,0,0,0,0,0,0,464
2017-05-24,27.97231519804,0.5368471388342808,0.1357732220066437,0.5979899497487438,0.8779790276453766,0.1991920769359478,0.7272727272727273,0.12517385257301808,0.7129337539432181,0.7269841269841271,0,0,0.9773035230352304,0,0,1,0,0,0,0,0,0,0,0,1,0,0,0,0,0,0,0,0,0,0,0,0,0,0,0,465
2017-06-10,0.0,0.3320227405557622,0.13175583230660334,0.6532663316582916,0.8836987607244995,0.1996302995052069,0.7272727272727273,0.6578581363004172,0.7003154574132493,0.6857142857142856,0,0,0.9782633242999096,0,0,0,0,0,1,0,0,0,0,0,0,1,0,0,0,0,0,0,0,0,0,0,0,0,0,0,466
2017-05-30,28.380849867866658,0.26183518410286377,0.08063413537837337,0.6809045226130654,0.8846520495710201,0.1996302995052069,0.7272727272727273,0.12656467315716272,0.7066246056782335,0.7015873015873016,0,0,0.9776422764227642,0,1,0,0,0,0,0,0,0,0,0,1,0,0,0,0,0,0,0,0,0,0,0,0,0,0,0,467
2017-06-09,24.73330114666,0.3320227405557622,0.13175583230660334,0.6532663316582916,0.8836987607244995,0.1996302995052069,0.7272727272727273,0.6578581363004172,0.7003154574132493,0.6857142857142856,0,1,0.9782068654019872,0,0,0,0,1,0,0,0,0,0,0,0,1,0,0,0,0,0,0,0,0,0,0,0,0,0,0,468
2017-02-06,23.88492675110333,0.4754263854205408,0.0467609791661195,0.8291457286432161,0.9723546234509056,0.006190889751169213,1.0,0.15716272600834494,0.9842271293375398,0.9904761904761908,0,0,0.9712624209575428,1,0,0,0,0,0,0,0,1,0,0,0,0,0,0,0,0,0,0,0,0,0,0,0,0,0,0,469
2017-10-13,32.193717623416674,0.4629934647468254,0.3457456332755053,0.4246231155778896,0.8083889418493804,0.4014756149059414,0.4545454545454545,0.39360222531293454,0.3880126182965299,0.3999999999999997,0,0,0.9853206865401988,0,0,0,0,1,0,0,0,0,0,0,0,0,0,0,0,1,0,0,0,0,0,0,0,0,0,0,470
2017-10-23,37.349485602463346,0.6812602943520535,0.33839645403328344,0.3793969849246233,0.7912297426120115,0.4014756149059414,0.4545454545454545,0.09040333796940196,0.36277602523659297,0.34920634920634885,0,0,0.9858852755194218,1,0,0,0,0,0,0,0,0,0,0,0,0,0,0,0,1,0,0,0,0,0,0,0,0,0,0,471
2017-04-09,0.0,0.6840762977525106,0.06551447296884125,0.7110552763819099,0.9161105815061964,0.1991920769359478,0.9090909090909092,0.5020862308762171,0.9085173501577288,0.9111111111111112,0,0,0.9747628726287264,0,0,0,0,0,0,1,0,0,0,1,0,0,0,0,0,0,0,0,0,0,0,0,0,0,0,0,472
2017-02-28,43.468404744020006,0.5278146750969661,0.07450232257417172,0.8869346733668343,0.9780743565300286,0.0,1.0,0.1599443671766342,0.996845425867508,0.9936507936507938,0,0,0.9725045167118338,0,1,0,0,0,0,0,0,1,0,0,0,0,0,0,0,0,0,0,0,1,0,1,0,0,0,0,473
2017-11-19,0.0,0.4499229583975346,0.4077305936713125,0.3819095477386936,0.7883698760724499,0.4001529795150868,0.3636363636363637,0.36439499304589706,0.3123028391167194,0.311111111111111,0,0,0.9874096657633245,0,0,0,0,0,0,1,0,0,0,0,0,0,0,0,0,0,1,0,0,0,0,0,0,0,0,0,475
2017-06-05,28.94855802701333,0.40258222198607935,0.10750026908653353,0.7487437185929648,0.8894184938036225,0.1996302995052069,0.7272727272727273,0.13630041724617525,0.7034700315457414,0.6857142857142856,0,0,0.977981029810298,1,0,0,0,0,0,0,0,0,0,0,0,1,0,0,0,0,0,0,0,0,0,0,0,0,0,0,477
2017-01-09,37.79836968187,0.5552308591466978,0.12045570346126555,0.9195979899497492,0.9971401334604386,0.00991179774833268,1.0,0.13908205841446453,0.993690851735016,0.9873015873015876,0,1,0.969681571815718,1,0,0,0,0,0,0,1,0,0,0,0,0,0,0,0,0,0,0,0,0,0,1,0,0,0,1,478
2017-04-25,35.70718929812667,0.4277668561712981,0.1969011282236576,0.8291457286432161,0.9370829361296472,0.19741528360967905,0.9090909090909092,0.13630041724617525,0.8738170347003159,0.8476190476190475,0,0,0.9756662149954832,0,1,0,0,0,0,0,0,0,0,1,0,0,0,0,0,0,0,0,0,0,1,0,1,0,1,0,481
2017-07-31,40.073794870016656,0.4585834971574306,0.08643745393254665,0.6959798994974876,0.8894184938036225,0.3948385349024357,0.6363636363636364,0.12656467315716272,0.6340694006309152,0.6380952380952378,0,0,0.9811427280939476,1,0,0,0,0,0,0,0,0,0,0,0,0,1,0,0,0,0,0,0,0,0,1,0,1,0,0,482
2017-02-15,26.469808511776662,0.4768078210509538,0.14889108588375785,1.0,0.992373689227836,0.003983841538718959,1.0,0.16411682892906812,0.9905362776025238,0.9968253968253971,0,0,0.9717705510388436,0,0,1,0,0,0,0,0,1,0,0,0,0,0,0,0,0,0,0,0,0,0,0,0,0,1,1,485
2017-07-20,26.39500619447667,0.6278624940226343,0.11375900785454643,0.6231155778894472,0.8798856053384175,0.39705355079796345,0.6363636363636364,0.11961057023643948,0.6309148264984227,0.6349206349206348,0,0,0.9805216802168022,0,0,0,1,0,0,0,0,0,0,0,0,0,1,0,0,0,0,0,0,0,0,0,0,0,0,0,486
2018-01-08,0.0,0.6523032782530153,0.4362996075913943,0.1809045226130655,0.0,0.5961340801708271,0.18181818181818185,0.2739916550764951,0.1861198738170347,0.1936507936507935,1,0,0.99023261065944,1,0,0,0,0,0,0,1,0,0,0,0,0,0,0,0,0,0,0,0,0,0,0,0,0,0,0,487
2017-10-21,0.0,0.614260666277031,0.3425796659340932,0.3165829145728645,0.7778836987607245,0.4014756149059414,0.4545454545454545,0.368567454798331,0.36277602523659297,0.35873015873015873,0,0,0.9857723577235772,0,0,0,0,0,1,0,0,0,0,0,0,0,0,0,0,1,0,0,0,0,0,0,0,0,0,0,490
2017-07-17,34.044343150366664,0.6446522501461133,0.09490597222198764,0.6256281407035179,0.8779790276453766,0.3961691379763677,0.6363636363636364,0.11961057023643948,0.6309148264984227,0.6349206349206348,0,0,0.9803523035230352,1,0,0,0,0,0,0,0,0,0,0,0,0,1,0,0,0,0,0,0,0,0,0,0,0,1,1,492
2017-08-14,32.86139570048667,0.6551724137931034,0.17845569557553415,0.4472361809045227,0.8198284080076262,0.3961691379763677,0.6363636363636364,0.1043115438108484,0.6246056782334385,0.6412698412698415,0,0,0.98193315266486,1,0,0,0,0,0,0,0,0,0,0,0,0,0,1,0,0,0,0,0,0,0,0,0,0,0,0,493
2017-02-09,27.131488704773325,0.3900961691727326,0.1492696897269658,0.9497487437185932,0.9895138226882746,0.0048682543603145246,1.0,0.16689847009735745,0.9873817034700318,0.9968253968253971,0,0,0.9714317976513098,0,0,0,1,0,0,0,0,1,0,0,0,0,0,0,0,0,0,0,0,0,0,0,0,0,0,0,494
2017-04-27,37.4750358614,0.4442909515966208,0.06717677094722163,0.7839195979899498,0.9323164918970448,0.1991920769359478,0.9090909090909092,0.14047287899860916,0.8611987381703471,0.8349206349206351,0,0,0.975779132791328,0,0,0,1,0,0,0,0,0,0,1,0,0,0,0,0,0,0,0,0,0,0,0,0,0,0,0,495
2017-07-08,0.0,0.6121353806917805,0.08531971214524825,0.6306532663316585,0.8817921830314586,0.3930697092592444,0.6363636363636364,0.4728789986091794,0.6277602523659306,0.6349206349206348,0,0,0.9798441734417344,0,0,0,0,0,1,0,0,0,0,0,0,0,1,0,0,0,0,0,0,0,0,0,0,0,0,0,496
2017-08-27,0.0,0.4954040699218958,0.2371918795767061,0.5175879396984924,0.8322211630123928,0.3961691379763677,0.6363636363636364,0.4200278164116829,0.5804416403785487,0.6063492063492062,0,0,0.9826671183378499,0,0,0,0,0,0,1,0,0,0,0,0,0,0,1,0,0,0,0,0,0,0,0,0,0,0,0,497
2017-11-20,37.05668458358335,0.5452951490356516,0.4128597088129499,0.3844221105527639,0.7893231649189704,0.4001529795150868,0.3636363636363637,0.08762169680111265,0.3123028391167194,0.311111111111111,0,0,0.9874661246612466,1,0,0,0,0,0,0,0,0,0,0,0,0,0,0,0,0,1,0,0,0,0,0,0,0,0,0,498
2018-01-01,0.0,0.6523032782530153,0.4362996075913943,0.1809045226130655,0.0,0.5961340801708271,0.18181818181818185,0.2739916550764951,0.1861198738170347,0.1936507936507935,1,0,0.9898373983739838,1,0,0,0,0,0,0,1,0,0,0,0,0,0,0,0,0,0,0,0,0,0,0,0,0,0,0,499
2017-08-25,32.88743091230666,0.4954040699218958,0.2371918795767061,0.5175879396984924,0.8322211630123928,0.3961691379763677,0.6363636363636364,0.4200278164116829,0.5804416403785487,0.6063492063492062,0,0,0.9825542005420054,0,0,0,0,1,0,0,0,0,0,0,0,0,0,1,0,0,0,0,0,0,1,0,0,0,1,0,500
2017-05-13,0.0,0.7928377875777057,0.04820126393129733,0.6331658291457288,0.8846520495710201,0.19741528360967905,0.7272727272727273,0.4700973574408902,0.7539432176656152,0.7587301587301588,0,0,0.9766824751580848,0,0,0,0,0,1,0,0,0,0,0,1,0,0,0,0,0,0,0,0,0,0,0,0,0,0,0,501
2017-03-19,0.0,0.4045481111524361,0.21173646357785814,0.8718592964824121,0.9742612011439468,0.19414056586485215,1.0,0.5424200278164116,0.9810725552050478,0.984126984126984,0,0,0.9735772357723578,0,0,0,0,0,0,1,0,0,1,0,0,0,0,0,0,0,0,0,0,0,0,0,0,0,0,0,502
2017-07-30,0.0,0.4547048509643482,0.08767244051380338,0.6783919597989951,0.8875119161105816,0.3966073605456269,0.6363636363636364,0.4867872044506259,0.6277602523659306,0.6317460317460316,0,0,0.9810862691960252,0,0,0,0,0,0,1,0,0,0,0,0,0,1,0,0,0,0,0,0,0,0,0,0,0,0,0,504
2017-01-14,0.0,0.7673343605546995,0.1107785001372623,0.9020100502512566,0.9790276453765492,0.009736508720629136,1.0,0.7538247566063977,0.9905362776025238,0.984126984126984,0,0,0.9699638663053296,0,0,0,0,0,1,0,1,0,0,0,0,0,0,0,0,0,0,0,0,0,0,0,0,0,0,0,505
2017-09-11,31.01692701520333,0.4374369055841878,0.26466163259835,0.4949748743718593,0.8284080076263107,0.3961691379763677,0.6363636363636364,0.08066759388038942,0.5552050473186124,0.5365079365079367,0,0,0.9835140018066848,1,0,0,0,0,0,0,0,0,0,0,0,0,0,0,1,0,0,0,0,0,0,0,0,0,0,0,506
2017-07-15,0.0,0.5515116093725094,0.095862739788165,0.5728643216080403,0.8741658722592945,0.3957229477240313,0.6363636363636364,0.4645340751043115,0.6309148264984227,0.6349206349206348,0,0,0.9802393857271906,0,0,0,0,0,1,0,0,0,0,0,0,0,1,0,0,0,0,0,0,0,0,0,0,0,0,0,507
2017-05-22,32.622055934500004,0.4384464162371819,0.1205904737460206,0.6180904522613065,0.882745471877979,0.19786147386201566,0.7272727272727273,0.12517385257301808,0.7255520504731863,0.7365079365079364,0,0,0.9771906052393856,1,0,0,0,0,0,0,0,0,0,0,1,0,0,0,0,0,0,0,0,0,0,0,0,0,0,0,508
2018-01-07,0.0,0.6523032782530153,0.4362996075913943,0.1809045226130655,0.0,0.5961340801708271,0.18181818181818185,0.2739916550764951,0.1861198738170347,0.1936507936507935,0,0,0.9901761517615176,0,0,0,0,0,0,1,1,0,0,0,0,0,0,0,0,0,0,0,0,0,0,0,0,0,0,0,511
2017-04-03,32.156581637576664,0.6097975665480049,0.034327218755160864,0.8567839195979903,0.9628217349857006,0.19653087078808354,0.9090909090909092,0.13908205841446453,0.914826498422713,0.9142857142857144,0,0,0.9744241192411924,1,0,0,0,0,0,0,0,0,0,1,0,0,0,0,0,0,0,0,0,0,0,0,0,0,0,1,512
2017-12-29,46.42484904803665,0.6523032782530153,0.4362996075913943,0.1809045226130655,0.0,0.5961340801708271,0.18181818181818185,0.2739916550764951,0.1861198738170347,0.1936507936507935,0,0,0.9896680216802168,0,0,0,0,1,0,0,0,0,0,0,0,0,0,0,0,0,0,1,0,0,0,0,0,0,0,0,515
2017-09-05,31.10535086805,0.5071994049200361,0.2793408594584099,0.5301507537688444,0.8579599618684461,0.3961691379763677,0.6363636363636364,0.09457579972183587,0.5552050473186124,0.5555555555555554,0,0,0.9831752484191508,0,1,0,0,0,0,0,0,0,0,0,0,0,0,0,1,0,0,0,0,0,0,0,0,0,0,0,516
2017-03-18,0.0,0.4045481111524361,0.21173646357785814,0.8718592964824121,0.9742612011439468,0.19414056586485215,1.0,0.5424200278164116,0.9810725552050478,0.984126984126984,0,0,0.9735207768744354,0,0,0,0,0,1,0,0,0,1,0,0,0,0,0,0,0,0,0,0,0,0,0,0,0,0,0,517
2017-01-26,28.16039782896,0.0,0.15384291108997294,0.9824120603015079,0.9952335557673976,0.0053064769295735606,1.0,0.16689847009735745,0.9842271293375398,0.9873015873015876,0,0,0.9706413730803974,0,0,0,1,0,0,0,1,0,0,0,0,0,0,0,0,0,0,0,0,0,0,0,0,0,0,0,518
2017-11-30,34.064871923693325,0.5413102385633068,0.3415452981567677,0.4447236180904524,0.8055290753098188,0.39793796361955897,0.3636363636363637,0.08762169680111265,0.3123028391167194,0.3047619047619048,0,0,0.9880307136404698,0,0,0,1,0,0,0,0,0,0,0,0,0,0,0,0,0,1,0,0,0,0,1,0,0,0,0,521
2018-01-02,0.0,0.6523032782530153,0.4362996075913943,0.1809045226130655,0.0,0.5961340801708271,0.18181818181818185,0.2739916550764951,0.1861198738170347,0.1936507936507935,1,0,0.9898938572719058,0,1,0,0,0,0,0,1,0,0,0,0,0,0,0,0,0,0,0,0,0,0,0,0,0,0,0,522
2017-10-07,0.0,0.7033101322990276,0.2036143732178887,0.4597989949748746,0.8045757864632983,0.3997067892627503,0.4545454545454545,0.5396383866481224,0.4321766561514197,0.4317460317460319,0,0,0.9849819331526648,0,0,0,0,0,1,0,0,0,0,0,0,0,0,0,0,1,0,0,0,0,0,0,0,0,0,0,523
2017-04-07,24.65106766757333,0.6840762977525106,0.06551447296884125,0.7110552763819099,0.9161105815061964,0.1991920769359478,0.9090909090909092,0.5020862308762171,0.9085173501577288,0.9111111111111112,0,0,0.9746499548328816,0,0,0,0,1,0,0,0,0,0,1,0,0,0,0,0,0,0,0,0,0,0,0,0,0,0,0,524
2017-10-14,0.0,0.4629934647468254,0.3457456332755053,0.4246231155778896,0.8083889418493804,0.4014756149059414,0.4545454545454545,0.39360222531293454,0.3880126182965299,0.3999999999999997,0,0,0.9853771454381209,0,0,0,0,0,1,0,0,0,0,0,0,0,0,0,0,1,0,0,0,0,0,0,0,0,0,0,525
2017-07-05,24.399321254439997,0.5125126188831625,0.07792036119418333,0.6356783919597991,0.882745471877979,0.3930697092592444,0.6363636363636364,0.12378303198887344,0.6277602523659306,0.6317460317460316,0,0,0.9796747967479674,0,0,1,0,0,0,0,0,0,0,0,0,0,1,0,0,0,0,0,0,0,0,0,0,0,0,0,526
2017-10-24,31.774827907436663,0.5017799266776474,0.4706759864574484,0.32914572864321623,0.7836034318398475,0.4014756149059414,0.4545454545454545,0.09040333796940196,0.35331230283911685,0.34285714285714264,0,0,0.9859417344173442,0,1,0,0,0,0,0,0,0,0,0,0,0,0,0,0,1,0,0,0,0,0,0,0,0,0,0,527
2017-01-29,0.0,0.08857127676531536,0.15327581578667634,0.9698492462311559,0.9990467111534796,0.007521492825101304,1.0,0.6369958275382476,0.9842271293375398,0.984126984126984,0,0,0.9708107497741644,0,0,0,0,0,0,1,1,0,0,0,0,0,0,0,0,0,0,0,0,0,0,0,0,0,0,0,528
2017-03-01,28.864182002866674,0.5494394559268903,0.07660167227730341,0.8844221105527641,0.9790276453765492,0.0008844128215955638,1.0,0.15855354659248955,0.996845425867508,0.9968253968253971,0,0,0.972560975609756,0,0,1,0,0,0,0,0,0,1,0,0,0,0,0,0,0,0,0,0,0,0,0,0,0,0,0,530
2017-10-31,37.41686848192333,0.32405291961107274,0.2724769573589901,0.3894472361809045,0.7912297426120115,0.3997067892627503,0.3636363636363637,0.08344923504867871,0.3217665615141955,0.3238095238095237,0,0,0.9863369467028004,0,1,0,0,0,0,0,0,0,0,0,0,0,0,0,0,1,0,0,0,0,0,1,0,1,0,0,531
2017-07-16,0.0,0.5515116093725094,0.095862739788165,0.5728643216080403,0.8741658722592945,0.3957229477240313,0.6363636363636364,0.4645340751043115,0.6309148264984227,0.6349206349206348,0,0,0.9802958446251128,0,0,0,0,0,0,1,0,0,0,0,0,0,1,0,0,0,0,0,0,0,0,0,0,0,0,0,532
2017-10-09,31.979839810636662,0.5824876467775356,0.2959846154527378,0.4773869346733667,0.8160152526215444,0.3997067892627503,0.4545454545454545,0.5396383866481224,0.4290220820189277,0.4317460317460319,0,0,0.9850948509485096,1,0,0,0,0,0,0,0,0,0,0,0,0,0,0,0,1,0,0,0,0,0,0,0,0,0,0,534
2017-05-21,0.0,0.4965729769937836,0.1198460175179718,0.6608040201005025,0.8798856053384175,0.19786147386201566,0.7272727272727273,0.4881780250347705,0.7160883280757101,0.7333333333333333,0,0,0.9771341463414634,0,0,0,0,0,0,1,0,0,0,0,1,0,0,0,0,0,0,0,0,0,0,0,0,0,0,0,535
